customerid,customer_name,province,region,segment
0,Muhammed MacIntyre,Nunavut,Nunavut,Small Business
1,Barry French,Nunavut,Nunavut,Consumer
2,Carl Jackson,Nunavut,Nunavut,Corporate
3,Monica Federle,Nunavut,Nunavut,Corporate
4,Dorothy Badders,Nunavut,Nunavut,Home Office
5,Carlos Daly,Nunavut,Nunavut,Home Office
6,Claudia Miner,Nunavut,Nunavut,Small Business
7,Neola Schneider,Nunavut,Nunavut,Home Office
8,Allen Rosenblatt,Nunavut,Nunavut,Small Business
9,Sylvia Foulston,Nunavut,Nunavut,Home Office
10,Carl Ludwig,Nunavut,Nunavut,Corporate
11,Carlos Soltero,Nunavut,Nunavut,Consumer
12,Grant Carroll,Nunavut,Nunavut,Small Business
13,Don Miller,Nunavut,Nunavut,Home Office
14,Alan Barnes,Nunavut,Nunavut,Corporate
15,Jack Garza,Nunavut,Nunavut,Corporate
16,Julia West,Nunavut,Nunavut,Corporate
17,Eugene Barchas,Nunavut,Nunavut,Corporate
18,Edward Hooks,Nunavut,Nunavut,Consumer
19,Brad Eason,Nunavut,Nunavut,Small Business
20,Aaron Bergman,Nunavut,Nunavut,Corporate
21,Jim Radford,Nunavut,Nunavut,Corporate
22,Annie Cyprus,Nunavut,Nunavut,Home Office
23,Clay Rozendal,Nunavut,Nunavut,Corporate
24,Don Jones,Nunavut,Nunavut,Corporate
25,Beth Thompson,Nunavut,Nunavut,Corporate
26,Frank Price,Nunavut,Nunavut,Corporate
27,Michelle Lonsdale,Nunavut,Nunavut,Home Office
28,Ann Chong,Nunavut,Nunavut,Corporate
29,Joy Bell,Nunavut,Nunavut,Home Office
30,Adrian Hane,Nunavut,Nunavut,Corporate
31,Skye Norling,Nunavut,Nunavut,Home Office
32,Andrew Gjertsen,Nunavut,Nunavut,Consumer
33,Ralph Knight,Nunavut,Nunavut,Consumer
34,Dorothy Wardle,Nunavut,Nunavut,Corporate
35,Grant Carroll,Nunavut,Nunavut,Corporate
36,Barry Weirich,Nunavut,Nunavut,Corporate
37,Sylvia Foulston,Nunavut,Nunavut,Corporate
38,Nicole Hansen,Nunavut,Nunavut,Small Business
39,Beth Paige,Nunavut,Nunavut,Consumer
40,Barry Weirich,Northwest Territories,Northwest Territories,Corporate
41,Skye Norling,Northwest Territories,Northwest Territories,Home Office
42,Julia West,Northwest Territories,Northwest Territories,Corporate
43,Nicole Hansen,Northwest Territories,Northwest Territories,Corporate
44,Adrian Hane,Northwest Territories,Northwest Territories,Corporate
45,Rick Reed,Northwest Territories,Northwest Territories,Consumer
46,Carlos Soltero,Northwest Territories,Northwest Territories,Consumer
47,Clay Rozendal,Northwest Territories,Northwest Territories,Corporate
48,Jack Lebron,Northwest Territories,Northwest Territories,Corporate
49,Julia West,Northwest Territories,Northwest Territories,Small Business
50,Eugene Barchas,Northwest Territories,Northwest Territories,Home Office
51,Ann Chong,Northwest Territories,Northwest Territories,Corporate
52,Annie Cyprus,Northwest Territories,Northwest Territories,Home Office
53,Carlos Soltero,Northwest Territories,Northwest Territories,Small Business
54,Henry Goldwyn,Northwest Territories,Northwest Territories,Small Business
55,Roy Skaria,Northwest Territories,Northwest Territories,Corporate
56,Carl Ludwig,Northwest Territories,Northwest Territories,Corporate
57,Toby Braunhardt,Northwest Territories,Northwest Territories,Corporate
58,Thomas Seio,Northwest Territories,Northwest Territories,Home Office
59,Michelle Lonsdale,Northwest Territories,Northwest Territories,Home Office
60,Grant Carroll,Northwest Territories,Northwest Territories,Corporate
61,Brendan Dodson,Northwest Territories,Northwest Territories,Corporate
62,Edward Hooks,Northwest Territories,Northwest Territories,Consumer
63,Julia West,Northwest Territories,Northwest Territories,Home Office
64,Jeremy Lonsdale,Northwest Territories,Northwest Territories,Corporate
65,Cindy Schnelling,Northwest Territories,Northwest Territories,Corporate
66,Heather Kirkland,Northwest Territories,Northwest Territories,Home Office
67,Hunter Glantz,Northwest Territories,Northwest Territories,Corporate
68,Carlos Daly,Northwest Territories,Northwest Territories,Home Office
69,Barry French,Northwest Territories,Northwest Territories,Consumer
70,Carl Jackson,Northwest Territories,Northwest Territories,Home Office
71,Alan Barnes,Northwest Territories,Northwest Territories,Corporate
72,Beth Paige,Northwest Territories,Northwest Territories,Consumer
73,Mike Pelletier,Northwest Territories,Northwest Territories,Small Business
74,Delfina Latchford,Northwest Territories,Northwest Territories,Small Business
75,Frank Price,Northwest Territories,Northwest Territories,Corporate
76,Julia West,Northwest Territories,Northwest Territories,Consumer
77,Michelle Lonsdale,Northwest Territories,Northwest Territories,Corporate
78,Charlotte Melton,Northwest Territories,Northwest Territories,Home Office
79,Monica Federle,Northwest Territories,Northwest Territories,Corporate
80,Jamie Kunitz,Northwest Territories,Northwest Territories,Corporate
81,Susan Vittorini,Northwest Territories,Northwest Territories,Corporate
82,Charles McCrossin,Northwest Territories,Northwest Territories,Corporate
83,Cari Schnelling,Northwest Territories,Northwest Territories,Small Business
84,Bryan Mills,Northwest Territories,Northwest Territories,Small Business
85,Claudia Miner,Northwest Territories,Northwest Territories,Small Business
86,Beth Thompson,Northwest Territories,Northwest Territories,Corporate
87,Joy Bell,Northwest Territories,Northwest Territories,Home Office
88,Becky Castell,Northwest Territories,Northwest Territories,Consumer
89,Cari Schnelling,Northwest Territories,Northwest Territories,Home Office
90,Allen Rosenblatt,Northwest Territories,Northwest Territories,Small Business
91,Dorothy Badders,Northwest Territories,Northwest Territories,Home Office
92,Mike Pelletier,Northwest Territories,Northwest Territories,Corporate
93,Susan Vittorini,Northwest Territories,Northwest Territories,Home Office
94,Andrew Gjertsen,Northwest Territories,Northwest Territories,Consumer
95,Muhammed MacIntyre,Northwest Territories,Northwest Territories,Small Business
96,Jim Radford,Northwest Territories,Northwest Territories,Corporate
97,Bryan Davis,Northwest Territories,Northwest Territories,Corporate
98,Anthony Johnson,Northwest Territories,Northwest Territories,Small Business
99,Doug Bickford,Northwest Territories,Northwest Territories,Small Business
100,Carlos Daly,Northwest Territories,Northwest Territories,Corporate
101,Don Miller,Northwest Territories,Northwest Territories,Home Office
102,Don Jones,Northwest Territories,Northwest Territories,Corporate
103,Chad Cunningham,Northwest Territories,Northwest Territories,Small Business
104,Nicole Hansen,Northwest Territories,Northwest Territories,Small Business
105,Fred Wasserman,Northwest Territories,Northwest Territories,Home Office
106,Bryan Mills,Northwest Territories,Northwest Territories,Corporate
107,Ralph Arnett,Northwest Territories,Northwest Territories,Consumer
108,Doug Bickford,Northwest Territories,Northwest Territories,Corporate
109,Eugene Barchas,Northwest Territories,Northwest Territories,Corporate
110,Brad Eason,Northwest Territories,Northwest Territories,Small Business
111,Dorothy Wardle,Northwest Territories,Northwest Territories,Corporate
112,Ralph Knight,Northwest Territories,Northwest Territories,Consumer
113,Sylvia Foulston,Northwest Territories,Northwest Territories,Corporate
114,Neola Schneider,Northwest Territories,Northwest Territories,Home Office
115,Grant Carroll,Northwest Territories,Northwest Territories,Small Business
116,Julia West,Prince Edward Island,Atlantic,Consumer
117,Muhammed MacIntyre,Prince Edward Island,Atlantic,Small Business
118,Susan Vittorini,Prince Edward Island,Atlantic,Corporate
119,Doug Bickford,Prince Edward Island,Atlantic,Corporate
120,Dorothy Badders,Prince Edward Island,Atlantic,Home Office
121,Grant Carroll,Prince Edward Island,Atlantic,Small Business
122,Chad Cunningham,Prince Edward Island,Atlantic,Small Business
123,Beth Thompson,Prince Edward Island,Atlantic,Corporate
124,Andrew Gjertsen,Prince Edward Island,Atlantic,Consumer
125,Sylvia Foulston,Prince Edward Island,Atlantic,Corporate
126,Michelle Lonsdale,Prince Edward Island,Atlantic,Corporate
127,Cari Schnelling,Prince Edward Island,Atlantic,Small Business
128,Henry Goldwyn,Prince Edward Island,Atlantic,Small Business
129,Edward Hooks,Prince Edward Island,Atlantic,Consumer
130,Brendan Dodson,Prince Edward Island,Atlantic,Corporate
131,Roy French,Prince Edward Island,Atlantic,Consumer
132,Jenna Caffey,Prince Edward Island,Atlantic,Consumer
133,Frank Atkinson,Prince Edward Island,Atlantic,Corporate
134,Joy Smith,Prince Edward Island,Atlantic,Consumer
135,Greg Guthrie,Prince Edward Island,Atlantic,Corporate
136,Helen Abelman,Prince Edward Island,Atlantic,Home Office
137,Erica Bern,Prince Edward Island,Atlantic,Small Business
138,Evan Minnotte,Prince Edward Island,Atlantic,Corporate
139,Christopher Schild,Prince Edward Island,Atlantic,Corporate
140,Philip Brown,Prince Edward Island,Atlantic,Home Office
141,Carlos Soltero,Prince Edward Island,Atlantic,Small Business
142,Guy Armstrong,Prince Edward Island,Atlantic,Corporate
143,Jack Lebron,Prince Edward Island,Atlantic,Corporate
144,Harold Engle,Prince Edward Island,Atlantic,Home Office
145,Joy Smith,Prince Edward Island,Atlantic,Corporate
146,Harold Engle,Prince Edward Island,Atlantic,Consumer
147,Giulietta Baptist,Prince Edward Island,Atlantic,Home Office
148,Paul Gonzalez,Prince Edward Island,Atlantic,Corporate
149,Logan Haushalter,Prince Edward Island,Atlantic,Corporate
150,Filia McAdams,Prince Edward Island,Atlantic,Small Business
151,Dan Reichenbach,Prince Edward Island,Atlantic,Corporate
152,Carlos Soltero,Prince Edward Island,Atlantic,Consumer
153,Chuck Magee,Prince Edward Island,Atlantic,Corporate
154,Philip Brown,Prince Edward Island,Atlantic,Corporate
155,Hilary Holden,Prince Edward Island,Atlantic,Corporate
156,Greg Guthrie,Prince Edward Island,Atlantic,Small Business
157,Jennifer Braxton,Prince Edward Island,Atlantic,Small Business
158,Erica Bern,Prince Edward Island,Atlantic,Corporate
159,Jim Sink,Prince Edward Island,Atlantic,Corporate
160,Noah Childs,Prince Edward Island,Atlantic,Home Office
161,Noah Childs,Manitoba,Prarie,Home Office
162,Evan Minnotte,Manitoba,Prarie,Corporate
163,Chuck Magee,Manitoba,Prarie,Corporate
164,Greg Guthrie,Manitoba,Prarie,Small Business
165,Greg Guthrie,Manitoba,Prarie,Corporate
166,Joy Smith,Manitoba,Prarie,Corporate
167,Joy Smith,Manitoba,Prarie,Consumer
168,Jim Sink,Manitoba,Prarie,Corporate
169,Carlos Soltero,Manitoba,Prarie,Consumer
170,Jennifer Braxton,Manitoba,Prarie,Small Business
171,Brian Moss,Manitoba,Prarie,Corporate
172,Harold Engle,Manitoba,Prarie,Home Office
173,Carlos Soltero,Manitoba,Prarie,Small Business
174,Hilary Holden,Manitoba,Prarie,Corporate
175,Guy Armstrong,Manitoba,Prarie,Corporate
176,Erica Bern,Manitoba,Prarie,Corporate
177,Logan Haushalter,Manitoba,Prarie,Corporate
178,Harold Engle,Manitoba,Prarie,Consumer
179,Christopher Schild,Manitoba,Prarie,Corporate
180,Helen Abelman,Manitoba,Prarie,Home Office
181,Jack Lebron,British Columbia,West,Corporate
182,Giulietta Baptist,British Columbia,West,Home Office
183,Jim Sink,British Columbia,West,Corporate
184,Matt Collins,British Columbia,West,Consumer
185,Rob Haberlin,British Columbia,West,Consumer
186,Christina Vanderzanden,British Columbia,West,Small Business
187,Lena Cacioppo,British Columbia,West,Home Office
188,Kimberly Carter,British Columbia,West,Small Business
189,Justin Knight,British Columbia,West,Corporate
190,Julie Creighton,British Columbia,West,Corporate
191,Anthony Johnson,British Columbia,West,Small Business
192,Luke Weiss,British Columbia,West,Corporate
193,Rob Haberlin,British Columbia,West,Corporate
194,Kimberly Carter,British Columbia,West,Home Office
195,Sanjit Chand,British Columbia,West,Home Office
196,Marina Lichtenstein,British Columbia,West,Corporate
197,Monica Federle,British Columbia,West,Corporate
198,Michelle Arnett,British Columbia,West,Home Office
199,Christina DeMoss,British Columbia,West,Home Office
200,Joy Smith,British Columbia,West,Consumer
201,Brian Moss,British Columbia,West,Corporate
202,Emily Grady,British Columbia,West,Home Office
203,Jocasta Rupert,British Columbia,West,Consumer
204,Rick Duston,British Columbia,West,Corporate
205,Stewart Carmichael,British Columbia,West,Corporate
206,Alex Avila,British Columbia,West,Corporate
207,Sonia Sunley,British Columbia,West,Corporate
208,Angele Hood,British Columbia,West,Consumer
209,Kelly Williams,British Columbia,West,Corporate
210,Jim Karlsson,British Columbia,West,Small Business
211,Lisa DeCherney,British Columbia,West,Corporate
212,Sarah Foster,British Columbia,West,Corporate
213,Anna Andreadi,British Columbia,West,Small Business
214,Dennis Bolton,British Columbia,West,Consumer
215,Barbara Fisher,British Columbia,West,Small Business
216,Dennis Bolton,British Columbia,West,Small Business
217,Roy Skaria,British Columbia,West,Corporate
218,Alex Avila,British Columbia,West,Home Office
219,Seth Vernon,British Columbia,West,Home Office
220,Sonia Sunley,British Columbia,West,Small Business
221,Daniel Lacy,British Columbia,West,Small Business
222,Liz Price,British Columbia,West,Consumer
223,Daniel Byrd,British Columbia,West,Home Office
224,John Murray,British Columbia,West,Small Business
225,Ricardo Emerson,British Columbia,West,Corporate
226,Liz Price,British Columbia,West,Corporate
227,Gene Hale,British Columbia,West,Consumer
228,Kristina Nunn,British Columbia,West,Consumer
229,Sally Knutson,British Columbia,West,Small Business
230,Sally Knutson,British Columbia,West,Home Office
231,Sally Knutson,British Columbia,West,Corporate
232,Philisse Overcash,British Columbia,West,Small Business
233,Trudy Schmidt,British Columbia,West,Small Business
234,Neil Knudson,British Columbia,West,Home Office
235,Thomas Brumley,British Columbia,West,Consumer
236,Greg Maxwell,British Columbia,West,Home Office
237,Vicky Freymann,British Columbia,West,Home Office
238,Neil Knudson,British Columbia,West,Corporate
239,Mike Vittorini,British Columbia,West,Small Business
240,Heather Jas,British Columbia,West,Corporate
241,Lela Donovan,British Columbia,West,Corporate
242,Rob Dowd,British Columbia,West,Corporate
243,Giulietta Weimer,British Columbia,West,Corporate
244,Khloe Miller,British Columbia,West,Home Office
245,Shahid Shariari,British Columbia,West,Corporate
246,Justin Hirsh,British Columbia,West,Consumer
247,Khloe Miller,British Columbia,West,Consumer
248,Ralph Kennedy,British Columbia,West,Corporate
249,Chuck Clark,British Columbia,West,Corporate
250,Sarah Bern,British Columbia,West,Corporate
251,Mark Cousins,British Columbia,West,Corporate
252,Lena Hernandez,British Columbia,West,Home Office
253,Shahid Shariari,British Columbia,West,Consumer
254,Khloe Miller,British Columbia,West,Corporate
255,Tony Chapman,British Columbia,West,Consumer
256,Shahid Hopkins,British Columbia,West,Small Business
257,Bill Eplett,British Columbia,West,Corporate
258,Patrick O'Brill,British Columbia,West,Home Office
259,Giulietta Weimer,British Columbia,West,Home Office
260,Sally Knutson,British Columbia,West,Consumer
261,Marc Harrigan,British Columbia,West,Home Office
262,John Grady,British Columbia,West,Corporate
263,Khloe Miller,Nova Scotia,Atlantic,Home Office
264,Tony Chapman,Nova Scotia,Atlantic,Consumer
265,Ralph Kennedy,Nova Scotia,Atlantic,Corporate
266,Trudy Schmidt,Nova Scotia,Atlantic,Small Business
267,Gene Hale,Nova Scotia,Atlantic,Consumer
268,Greg Maxwell,Nova Scotia,Atlantic,Home Office
269,Marc Harrigan,Nova Scotia,Atlantic,Home Office
270,Sally Knutson,Nova Scotia,Atlantic,Corporate
271,Giulietta Weimer,Nova Scotia,Atlantic,Corporate
272,Sally Knutson,Nova Scotia,Atlantic,Consumer
273,Tanja Norvell,Nova Scotia,Atlantic,Consumer
274,Liz Price,Nova Scotia,Atlantic,Corporate
275,Vicky Freymann,Nova Scotia,Atlantic,Home Office
276,Philisse Overcash,Nova Scotia,Atlantic,Small Business
277,Cathy Armstrong,Nova Scotia,Atlantic,Consumer
278,Heather Jas,Nova Scotia,Atlantic,Corporate
279,Lena Hernandez,Nova Scotia,Atlantic,Home Office
280,Shahid Shariari,Nova Scotia,Atlantic,Consumer
281,Justin Hirsh,Nova Scotia,Atlantic,Consumer
282,Khloe Miller,Nova Scotia,Atlantic,Consumer
283,Patrick O'Brill,Nova Scotia,Atlantic,Home Office
284,Mike Vittorini,Nova Scotia,Atlantic,Small Business
285,Liz Price,Nova Scotia,Atlantic,Consumer
286,Paul MacIntyre,Nova Scotia,Atlantic,Corporate
287,John Grady,Nova Scotia,Atlantic,Corporate
288,Ricardo Emerson,Nova Scotia,Atlantic,Corporate
289,Chuck Clark,Nova Scotia,Atlantic,Corporate
290,Sarah Bern,Nova Scotia,Atlantic,Corporate
291,Kristina Nunn,Nova Scotia,Atlantic,Consumer
292,Matt Abelman,Nova Scotia,Atlantic,Consumer
293,Sally Matthias,Nova Scotia,Atlantic,Corporate
294,Jack O'Briant,Nova Scotia,Atlantic,Home Office
295,Nathan Cano,Nova Scotia,Atlantic,Consumer
296,Scott Williamson,Nova Scotia,Atlantic,Small Business
297,Dennis Bolton,Nova Scotia,Atlantic,Small Business
298,John Castell,Nova Scotia,Atlantic,Consumer
299,Jack O'Briant,Nova Scotia,Atlantic,Small Business
300,Shaun Weien,Nova Scotia,Atlantic,Home Office
301,Maya Herman,Nova Scotia,Atlantic,Corporate
302,David Philippe,Nova Scotia,Atlantic,Consumer
303,Jack O'Briant,Nova Scotia,Atlantic,Consumer
304,Chad Sievert,Nova Scotia,Atlantic,Corporate
305,Ivan Liston,Nova Scotia,Atlantic,Consumer
306,John Castell,Nova Scotia,Atlantic,Small Business
307,Ken Heidel,Nova Scotia,Atlantic,Corporate
308,Mike Kennedy,Nova Scotia,Atlantic,Small Business
309,Matt Abelman,Nova Scotia,Atlantic,Small Business
310,Sally Matthias,Nova Scotia,Atlantic,Home Office
311,Brad Norvell,Nova Scotia,Atlantic,Corporate
312,Brian Derr,Nova Scotia,Atlantic,Small Business
313,Matt Abelman,Nova Scotia,Atlantic,Home Office
314,Mike Kennedy,Nova Scotia,Atlantic,Corporate
315,Dana Kaydos,Nova Scotia,Atlantic,Corporate
316,Darren Koutras,Nova Scotia,Atlantic,Consumer
317,Charles Sheldon,Nova Scotia,Atlantic,Corporate
318,Steve Carroll,Nova Scotia,Atlantic,Consumer
319,Neil Ducich,Nova Scotia,Atlantic,Home Office
320,Sarah Jordon,Nova Scotia,Atlantic,Consumer
321,Michael Granlund,Nova Scotia,Atlantic,Home Office
322,Sean Wendt,Nova Scotia,Atlantic,Corporate
323,Theone Pippenger,Nova Scotia,Atlantic,Corporate
324,Michael Granlund,Nova Scotia,Atlantic,Corporate
325,Roland Black,Nova Scotia,Atlantic,Small Business
326,Art Ferguson,Nova Scotia,Atlantic,Corporate
327,Sally Matthias,British Columbia,West,Home Office
328,Parhena Norris,British Columbia,West,Home Office
329,Mike Kennedy,British Columbia,West,Corporate
330,Roland Black,British Columbia,West,Small Business
331,Sarah Jordon,British Columbia,West,Consumer
332,John Castell,British Columbia,West,Small Business
333,Mary O'Rourke,British Columbia,West,Home Office
334,Matt Abelman,British Columbia,West,Small Business
335,Michael Granlund,British Columbia,West,Home Office
336,Neil Ducich,British Columbia,West,Home Office
337,Ken Heidel,British Columbia,West,Corporate
338,Dana Kaydos,British Columbia,West,Corporate
339,Steve Carroll,British Columbia,West,Consumer
340,Chad Sievert,British Columbia,West,Corporate
341,John Castell,British Columbia,West,Consumer
342,Mark Cousins,British Columbia,West,Home Office
343,Nathan Mautz,British Columbia,West,Corporate
344,Shaun Weien,British Columbia,West,Home Office
345,Nathan Mautz,British Columbia,West,Home Office
346,Theone Pippenger,British Columbia,West,Corporate
347,Bart Watters,British Columbia,West,Corporate
348,Matt Abelman,British Columbia,West,Home Office
349,Scott Williamson,British Columbia,West,Small Business
350,Nathan Cano,British Columbia,West,Consumer
351,Sean Wendt,British Columbia,West,Corporate
352,Hunter Lopez,British Columbia,West,Consumer
353,Mike Kennedy,British Columbia,West,Small Business
354,Matt Abelman,Manitoba,Prarie,Consumer
355,Mike Kennedy,Manitoba,Prarie,Corporate
356,Sally Matthias,Manitoba,Prarie,Home Office
357,Sean Wendt,Manitoba,Prarie,Corporate
358,Aaron Smayling,Manitoba,Prarie,Small Business
359,Charles Sheldon,Manitoba,Prarie,Corporate
360,Mark Cousins,Manitoba,Prarie,Corporate
361,Mark Cousins,Manitoba,Prarie,Home Office
362,Parhena Norris,Manitoba,Prarie,Home Office
363,Chad Sievert,Manitoba,Prarie,Corporate
364,Brian Derr,Manitoba,Prarie,Small Business
365,Neil Ducich,Manitoba,Prarie,Home Office
366,Sarah Jordon,Manitoba,Prarie,Consumer
367,Mike Kennedy,Manitoba,Prarie,Small Business
368,Michael Granlund,Manitoba,Prarie,Home Office
369,Dana Kaydos,Manitoba,Prarie,Corporate
370,Nathan Mautz,Manitoba,Prarie,Corporate
371,Ken Heidel,Manitoba,Prarie,Corporate
372,Roland Black,Manitoba,Prarie,Small Business
373,Steve Carroll,Manitoba,Prarie,Consumer
374,Nathan Mautz,Manitoba,Prarie,Home Office
375,Matt Abelman,Manitoba,Prarie,Home Office
376,Nathan Cano,Manitoba,Prarie,Consumer
377,Shaun Weien,Manitoba,Prarie,Home Office
378,Brad Norvell,Manitoba,Prarie,Corporate
379,Bart Watters,Manitoba,Prarie,Corporate
380,Theone Pippenger,Manitoba,Prarie,Corporate
381,Art Ferguson,Manitoba,Prarie,Corporate
382,Dennis Bolton,Manitoba,Prarie,Small Business
383,Mary O'Rourke,Manitoba,Prarie,Home Office
384,Joel Jenkins,Manitoba,Prarie,Corporate
385,Hallie Redmond,Manitoba,Prarie,Home Office
386,Robert Waldorf,Manitoba,Prarie,Home Office
387,Julia Dunbar,Manitoba,Prarie,Consumer
388,Guy Thornton,Manitoba,Prarie,Corporate
389,Meg O'Connel,Manitoba,Prarie,Corporate
390,Brian Thompson,Manitoba,Prarie,Home Office
391,Liz Thompson,Manitoba,Prarie,Corporate
392,Jason Gross,Manitoba,Prarie,Small Business
393,Hallie Redmond,Manitoba,Prarie,Small Business
394,Maria Bertelson,Manitoba,Prarie,Corporate
395,Katrina Bavinger,Manitoba,Prarie,Consumer
396,Christine Sundaresam,Manitoba,Prarie,Small Business
397,Bruce Stewart,Manitoba,Prarie,Corporate
398,Maria Bertelson,Manitoba,Prarie,Home Office
399,Mary Zewe,Manitoba,Prarie,Corporate
400,Ivan Gibson,Manitoba,Prarie,Corporate
401,Ken Lonsdale,Manitoba,Prarie,Consumer
402,Doug Bickford,Ontario,Ontario,Corporate
403,Joseph Airdo,Ontario,Ontario,Corporate
404,Bruce Stewart,Ontario,Ontario,Corporate
405,Ken Lonsdale,Ontario,Ontario,Consumer
406,Lycoris Saunders,Ontario,Ontario,Home Office
407,Dorothy Dickinson,Ontario,Ontario,Corporate
408,Mary Zewe,Ontario,Ontario,Corporate
409,Lycoris Saunders,Ontario,Ontario,Corporate
410,Liz Thompson,Ontario,Ontario,Corporate
411,Annie Thurman,Ontario,Ontario,Home Office
412,Maria Bertelson,Ontario,Ontario,Corporate
413,Robert Waldorf,Ontario,Ontario,Home Office
414,Brian Thompson,Ontario,Ontario,Home Office
415,Joseph Airdo,Ontario,Ontario,Consumer
416,Rob Beeghly,Ontario,Ontario,Consumer
417,Annie Thurman,Ontario,Ontario,Consumer
418,Bill Eplett,Ontario,Ontario,Corporate
419,Guy Thornton,Ontario,Ontario,Corporate
420,Meg O'Connel,Ontario,Ontario,Small Business
421,Meg O'Connel,Ontario,Ontario,Corporate
422,Doug O'Connell,Ontario,Ontario,Small Business
423,Maria Bertelson,Ontario,Ontario,Home Office
424,Christine Sundaresam,Ontario,Ontario,Small Business
425,Ivan Gibson,Ontario,Ontario,Corporate
426,Christina Vanderzanden,Ontario,Ontario,Small Business
427,Craig Carroll,Ontario,Ontario,Corporate
428,Christine Kargatis,Ontario,Ontario,Small Business
429,Craig Carroll,Ontario,Ontario,Small Business
430,Liz MacKendrick,Ontario,Ontario,Corporate
431,Bobby Odegard,Ontario,Ontario,Consumer
432,Bobby Odegard,Ontario,Ontario,Corporate
433,Russell Applegate,Ontario,Ontario,Home Office
434,Russell Applegate,Ontario,Ontario,Small Business
435,Jason Gross,Ontario,Ontario,Small Business
436,Brad Eason,Ontario,Ontario,Small Business
437,Cari Sayre,Ontario,Ontario,Home Office
438,Adam Bellavance,Ontario,Ontario,Small Business
439,Bill Donatelli,Ontario,Ontario,Corporate
440,Harold Pawlan,Ontario,Ontario,Small Business
441,Roy Skaria,Ontario,Ontario,Corporate
442,Joel Jenkins,Ontario,Ontario,Corporate
443,Bill Donatelli,Ontario,Ontario,Small Business
444,Susan Vittorini,Ontario,Ontario,Corporate
445,Susan Vittorini,Ontario,Ontario,Home Office
446,Shirley Schmidt,Ontario,Ontario,Corporate
447,Rick Wilson,Ontario,Ontario,Consumer
448,Skye Norling,Ontario,Ontario,Home Office
449,Sandra Glassco,Ontario,Ontario,Home Office
450,Rick Wilson,Ontario,Ontario,Corporate
451,Becky Castell,Ontario,Ontario,Consumer
452,Rose O'Brian,Ontario,Ontario,Home Office
453,Anna Gayman,Ontario,Ontario,Corporate
454,Pete Armstrong,Ontario,Ontario,Consumer
455,Corinna Mitchell,Ontario,Ontario,Corporate
456,Jennifer Halladay,Ontario,Ontario,Home Office
457,Pauline Chand,Ontario,Ontario,Small Business
458,Joni Blumstein,Ontario,Ontario,Consumer
459,Nat Gilpin,Ontario,Ontario,Consumer
460,Ritsa Hightower,Ontario,Ontario,Corporate
461,Joni Blumstein,Ontario,Ontario,Home Office
462,Eva Jacobs,Ontario,Ontario,Home Office
463,Pauline Chand,Ontario,Ontario,Corporate
464,Lisa DeCherney,Ontario,Ontario,Corporate
465,Lisa DeCherney,Ontario,Ontario,Consumer
466,Paul Prost,Ontario,Ontario,Corporate
467,Paul MacIntyre,Ontario,Ontario,Corporate
468,Ann Blume,Ontario,Ontario,Corporate
469,Grace Kelly,Ontario,Ontario,Consumer
470,Kelly Lampkin,Ontario,Ontario,Home Office
471,Ivan Liston,Ontario,Ontario,Consumer
472,Henry MacAllister,Ontario,Ontario,Small Business
473,Larry Hughes,Ontario,Ontario,Home Office
474,Darren Powers,Ontario,Ontario,Corporate
475,Arthur Wiediger,Ontario,Ontario,Corporate
476,Naresj Patel,Ontario,Ontario,Small Business
477,Patrick Bzostek,Ontario,Ontario,Consumer
478,Frank Carlisle,Ontario,Ontario,Small Business
479,Gary Mitchum,Ontario,Ontario,Consumer
480,Linda Cazamias,Ontario,Ontario,Corporate
481,Gary Hansen,Ontario,Ontario,Consumer
482,Alan Hwang,Ontario,Ontario,Small Business
483,Erin Creighton,Ontario,Ontario,Corporate
484,Anna Haberlin,Ontario,Ontario,Corporate
485,Michelle Huthwaite,Ontario,Ontario,Home Office
486,Bill Stewart,Ontario,Ontario,Corporate
487,Andy Reiter,Ontario,Ontario,Corporate
488,Gary Zandusky,Ontario,Ontario,Home Office
489,Andy Yotov,Ontario,Ontario,Corporate
490,Roy French,Ontario,Ontario,Consumer
491,Naresj Patel,Ontario,Ontario,Corporate
492,Edward Nazzal,Ontario,Ontario,Small Business
493,Christine Phan,Ontario,Ontario,Small Business
494,Tamara Dahlen,Ontario,Ontario,Corporate
495,Ted Trevino,Ontario,Ontario,Corporate
496,Melanie Page,Ontario,Ontario,Corporate
497,Cynthia Arntzen,Ontario,Ontario,Small Business
498,Joni Sundaresam,Ontario,Ontario,Home Office
499,Anthony Witt,Ontario,Ontario,Corporate
500,Erin Smith,Ontario,Ontario,Home Office
501,George Ashbrook,Ontario,Ontario,Small Business
502,Duane Huffman,Ontario,Ontario,Consumer
503,Matt Hagelstein,Ontario,Ontario,Home Office
504,Jesus Ocampo,Ontario,Ontario,Small Business
505,Allen Golden,Ontario,Ontario,Consumer
506,Ruben Ausman,Ontario,Ontario,Corporate
507,Eileen Kiefer,Ontario,Ontario,Consumer
508,George Bell,Ontario,Ontario,Corporate
509,Cynthia Arntzen,Ontario,Ontario,Home Office
510,Noah Childs,Ontario,Ontario,Home Office
511,Nancy Lomonaco,Ontario,Ontario,Home Office
512,Dan Lawera,Ontario,Ontario,Corporate
513,Theresa Coyne,Ontario,Ontario,Home Office
514,James Lanier,Ontario,Ontario,Corporate
515,Darren Budd,Ontario,Ontario,Corporate
516,Jeremy Ellison,Ontario,Ontario,Small Business
517,Darren Budd,Ontario,Ontario,Home Office
518,Aimee Bixby,Ontario,Ontario,Home Office
519,Philip Brown,Ontario,Ontario,Corporate
520,Eudokia Martin,Ontario,Ontario,Home Office
521,Erin Ashbrook,Ontario,Ontario,Consumer
522,Mike Caudle,Ontario,Ontario,Corporate
523,Dave Hallsten,Ontario,Ontario,Home Office
524,Fred Hopkins,Ontario,Ontario,Home Office
525,Jonathan Howell,Ontario,Ontario,Consumer
526,Matt Collister,Ontario,Ontario,Home Office
527,Duane Huffman,Ontario,Ontario,Small Business
528,Kelly Lampkin,Ontario,Ontario,Corporate
529,Dean Braden,Ontario,Ontario,Corporate
530,Dave Hallsten,Ontario,Ontario,Corporate
531,Erica Smith,Ontario,Ontario,Small Business
532,George Ashbrook,Ontario,Ontario,Consumer
533,Tamara Chand,Ontario,Ontario,Consumer
534,Darren Budd,Ontario,Ontario,Consumer
535,Edward Becker,Ontario,Ontario,Home Office
536,David Philippe,Ontario,Ontario,Consumer
537,Anemone Ratner,Ontario,Ontario,Small Business
538,Janet Martin,Ontario,Ontario,Corporate
539,Edward Nazzal,Ontario,Ontario,Home Office
540,Alan Hwang,Ontario,Ontario,Corporate
541,Eugene Hildebrand,Ontario,Ontario,Home Office
542,Andrew Roberts,Ontario,Ontario,Small Business
543,David Smith,Ontario,Ontario,Small Business
544,Edward Becker,Ontario,Ontario,Corporate
545,Magdelene Morse,Ontario,Ontario,Home Office
546,Jim Mitchum,Ontario,Ontario,Consumer
547,Ed Ludwig,Ontario,Ontario,Consumer
548,Todd Boyes,Ontario,Ontario,Consumer
549,Matthew Clasen,Ontario,Ontario,Consumer
550,Phillip Breyer,Ontario,Ontario,Corporate
551,Katrina Bavinger,Ontario,Ontario,Consumer
552,Katrina Bavinger,Ontario,Ontario,Home Office
553,Natalie Fritzler,Ontario,Ontario,Home Office
554,Thomas Boland,Ontario,Ontario,Corporate
555,Michelle Ellison,Ontario,Ontario,Small Business
556,Sean Christensen,Ontario,Ontario,Home Office
557,Victoria Wilson,Ontario,Ontario,Home Office
558,Olvera Toch,Ontario,Ontario,Home Office
559,Michelle Ellison,Ontario,Ontario,Home Office
560,Michael Nguyen,Ontario,Ontario,Small Business
561,Todd Boyes,Ontario,Ontario,Small Business
562,Sean Miller,Ontario,Ontario,Small Business
563,Scot Coram,Ontario,Ontario,Corporate
564,Shahid Collister,Ontario,Ontario,Home Office
565,Michelle Ellison,Ontario,Ontario,Consumer
566,Maria Zettner,Ontario,Ontario,Corporate
567,Patrick O'Donnell,Ontario,Ontario,Home Office
568,Nathan Gelder,Ontario,Ontario,Home Office
569,Thea Hendricks,Newfoundland,Atlantic,Home Office
570,Corey Catlett,Newfoundland,Atlantic,Home Office
571,Ed Jacobs,Newfoundland,Atlantic,Small Business
572,Noel Staavos,Newfoundland,Atlantic,Home Office
573,Keith Herrera,Newfoundland,Atlantic,Small Business
574,Corinna Mitchell,Newfoundland,Atlantic,Corporate
575,Raymond Fair,Newfoundland,Atlantic,Small Business
576,Carlos Meador,Newfoundland,Atlantic,Corporate
577,Natalie Webber,Newfoundland,Atlantic,Consumer
578,Eric Barreto,Newfoundland,Atlantic,Consumer
579,Hunter Lopez,Newfoundland,Atlantic,Consumer
580,Craig Yedwab,Newfoundland,Atlantic,Corporate
581,Eric Barreto,Newfoundland,Atlantic,Small Business
582,Chuck Sachs,Newfoundland,Atlantic,Consumer
583,Muhammed Lee,Newfoundland,Atlantic,Consumer
584,Karl Brown,Newfoundland,Atlantic,Home Office
585,Karl Brown,Newfoundland,Atlantic,Corporate
586,Troy Staebel,Newfoundland,Atlantic,Small Business
587,Harold Dahlen,Newfoundland,Atlantic,Corporate
588,Bobby Trafton,Newfoundland,Atlantic,Small Business
589,Jay Fine,Newfoundland,Atlantic,Consumer
590,Nora Paige,Newfoundland,Atlantic,Small Business
591,Dan Campbell,Newfoundland,Atlantic,Corporate
592,George Zrebassa,Newfoundland,Atlantic,Home Office
593,Eleni McCrary,Newfoundland,Atlantic,Corporate
594,Frank Atkinson,Newfoundland,Atlantic,Corporate
595,Giulietta Dortch,Newfoundland,Atlantic,Consumer
596,Cathy Hwang,Newfoundland,Atlantic,Home Office
597,David Flashing,Newfoundland,Atlantic,Home Office
598,Dianna Arnett,Newfoundland,Atlantic,Home Office
599,Fred McMath,Newfoundland,Atlantic,Small Business
600,Tom Prescott,Newfoundland,Atlantic,Small Business
601,Yana Sorensen,Newfoundland,Atlantic,Corporate
602,Harold Dahlen,Newfoundland,Atlantic,Consumer
603,Brad Thomas,Newfoundland,Atlantic,Corporate
604,Dean Percer,Newfoundland,Atlantic,Consumer
605,Ben Peterman,Newfoundland,Atlantic,Corporate
606,Tracy Poddar,Newfoundland,Atlantic,Corporate
607,Michael Paige,Newfoundland,Atlantic,Small Business
608,Barry Franz,Newfoundland,Atlantic,Corporate
609,Maureen Gastineau,Newfoundland,Atlantic,Consumer
610,Alex Grayson,Newfoundland,Atlantic,Consumer
611,Muhammed Yedwab,Newfoundland,Atlantic,Consumer
612,Damala Kotsonis,Newfoundland,Atlantic,Corporate
613,Astrea Jones,Newfoundland,Atlantic,Corporate
614,Chris Cortes,Newfoundland,Atlantic,Consumer
615,Dan Campbell,Newfoundland,Atlantic,Small Business
616,Rick Duston,Newfoundland,Atlantic,Corporate
617,Corey Roper,Newfoundland,Atlantic,Small Business
618,Amy Cox,Newfoundland,Atlantic,Small Business
619,Sara Luxemburg,Newfoundland,Atlantic,Small Business
620,Eric Murdock,Newfoundland,Atlantic,Home Office
621,Paul Knutson,Newfoundland,Atlantic,Corporate
622,Cynthia Voltz,Newfoundland,Atlantic,Corporate
623,Janet Martin,Newfoundland,Atlantic,Corporate
624,Nicole Brennan,Newfoundland,Atlantic,Consumer
625,Christy Brittain,Newfoundland,Atlantic,Consumer
626,Jennifer Patt,Newfoundland,Atlantic,Home Office
627,David Wiener,Nova Scotia,Atlantic,Consumer
628,Elpida Rittenbach,Nova Scotia,Atlantic,Consumer
629,Karen Carlisle,Nova Scotia,Atlantic,Home Office
630,George Zrebassa,Nova Scotia,Atlantic,Small Business
631,Michael Stewart,Nova Scotia,Atlantic,Small Business
632,Paul Lucas,Nova Scotia,Atlantic,Corporate
633,Shirley Jackson,Nova Scotia,Atlantic,Corporate
634,Barry Weirich,Nova Scotia,Atlantic,Corporate
635,Natalie Webber,Nova Scotia,Atlantic,Corporate
636,Karen Carlisle,Nova Scotia,Atlantic,Corporate
637,Natalie Webber,Nova Scotia,Atlantic,Consumer
638,Karl Brown,Nova Scotia,Atlantic,Home Office
639,Elizabeth Moffitt,Nova Scotia,Atlantic,Consumer
640,Harold Dahlen,Nova Scotia,Atlantic,Corporate
641,David Flashing,Nova Scotia,Atlantic,Consumer
642,Bobby Trafton,Nova Scotia,Atlantic,Corporate
643,Eric Barreto,Nova Scotia,Atlantic,Small Business
644,Karl Brown,Nova Scotia,Atlantic,Corporate
645,Aaron Hawkins,Nova Scotia,Atlantic,Home Office
646,Bradley Drucker,Nova Scotia,Atlantic,Small Business
647,Anthony Garverick,Nova Scotia,Atlantic,Small Business
648,Brad Thomas,Nova Scotia,Atlantic,Home Office
649,Troy Staebel,Nova Scotia,Atlantic,Small Business
650,Stefania Perrino,Nova Scotia,Atlantic,Corporate
651,Amy Cox,Nova Scotia,Atlantic,Small Business
652,Erica Hernandez,Nova Scotia,Atlantic,Small Business
653,David Flashing,Nova Scotia,Atlantic,Home Office
654,Deborah Brumfield,Nova Scotia,Atlantic,Corporate
655,Eleni McCrary,Nova Scotia,Atlantic,Home Office
656,Eleni McCrary,Nova Scotia,Atlantic,Corporate
657,Alyssa Tate,Nova Scotia,Atlantic,Small Business
658,Marc Crier,Nova Scotia,Atlantic,Corporate
659,Bobby Elias,Nova Scotia,Atlantic,Small Business
660,Karen Ferguson,Nova Scotia,Atlantic,Home Office
661,Nicole Brennan,Nova Scotia,Atlantic,Consumer
662,Giulietta Dortch,Nova Scotia,Atlantic,Corporate
663,Bradley Talbott,Nova Scotia,Atlantic,Corporate
664,Brian Stugart,Nova Scotia,Atlantic,Corporate
665,Maureen Gastineau,Nova Scotia,Atlantic,Consumer
666,Julia Barnett,Nova Scotia,Atlantic,Corporate
667,Emily Phan,Nova Scotia,Atlantic,Consumer
668,Andy Reiter,Nova Scotia,Atlantic,Corporate
669,Muhammed Lee,Nova Scotia,Atlantic,Consumer
670,Liz Willingham,Nova Scotia,Atlantic,Home Office
671,Evan Henry,Nova Scotia,Atlantic,Corporate
672,Denise Leinenbach,Nova Scotia,Atlantic,Corporate
673,Denise Leinenbach,Nova Scotia,Atlantic,Home Office
674,Alan Shonely,Nova Scotia,Atlantic,Small Business
675,Raymond Fair,Nova Scotia,Atlantic,Small Business
676,Ann Blume,Nova Scotia,Atlantic,Corporate
677,Barry Franz,Nova Scotia,Atlantic,Corporate
678,Peter McVee,Nova Scotia,Atlantic,Small Business
679,Corey Catlett,Nova Scotia,Atlantic,Home Office
680,Benjamin Venier,Nova Scotia,Atlantic,Small Business
681,Nora Paige,Nova Scotia,Atlantic,Small Business
682,Nora Paige,Nova Scotia,Atlantic,Consumer
683,Berenike Kampe,Nova Scotia,Atlantic,Corporate
684,Michael Kennedy,Nova Scotia,Atlantic,Corporate
685,Tracy Poddar,Nova Scotia,Atlantic,Corporate
686,Astrea Jones,Nova Scotia,Atlantic,Corporate
687,Eric Barreto,Nova Scotia,Atlantic,Consumer
688,Bill Tyler,Nova Scotia,Atlantic,Consumer
689,Craig Yedwab,Nova Scotia,Atlantic,Consumer
690,Jay Fine,Nova Scotia,Atlantic,Consumer
691,Dan Campbell,Nova Scotia,Atlantic,Corporate
692,Craig Yedwab,Nova Scotia,Atlantic,Corporate
693,Tony Molinari,Nova Scotia,Atlantic,Corporate
694,Dave Poirier,Nova Scotia,Atlantic,Small Business
695,Frank Atkinson,Nova Scotia,Atlantic,Corporate
696,Bobby Trafton,Nova Scotia,Atlantic,Small Business
697,Katrina Willman,Nova Scotia,Atlantic,Consumer
698,Giulietta Dortch,Nova Scotia,Atlantic,Consumer
699,Cathy Hwang,Nova Scotia,Atlantic,Home Office
700,Bill Shonely,Nova Scotia,Atlantic,Small Business
701,Dianna Arnett,Nova Scotia,Atlantic,Home Office
702,George Zrebassa,Nova Scotia,Atlantic,Home Office
703,Mark Haberlin,Nova Scotia,Atlantic,Small Business
704,Michael Paige,Nova Scotia,Atlantic,Small Business
705,Katherine Murray,Nova Scotia,Atlantic,Home Office
706,Ben Peterman,Nova Scotia,Atlantic,Corporate
707,Dean Percer,Nova Scotia,Atlantic,Home Office
708,Sylvia Foulston,Nova Scotia,Atlantic,Corporate
709,Noel Staavos,Nova Scotia,Atlantic,Home Office
710,Brendan Murry,Nova Scotia,Atlantic,Corporate
711,Pierre Wener,Nova Scotia,Atlantic,Home Office
712,Brad Thomas,Nova Scotia,Atlantic,Corporate
713,Hunter Lopez,Nova Scotia,Atlantic,Consumer
714,Chris Cortes,Nova Scotia,Atlantic,Consumer
715,Mark Packer,Nova Scotia,Atlantic,Small Business
716,Julie Kriz,Nova Scotia,Atlantic,Corporate
717,Fred McMath,Nova Scotia,Atlantic,Small Business
718,Debra Catini,Nova Scotia,Atlantic,Small Business
719,Sylvia Foulston,Nova Scotia,Atlantic,Consumer
720,Chuck Sachs,Nova Scotia,Atlantic,Consumer
721,Ann Blume,Nova Scotia,Atlantic,Small Business
722,Muhammed Yedwab,Nova Scotia,Atlantic,Consumer
723,Damala Kotsonis,Nova Scotia,Atlantic,Corporate
724,Jennifer Patt,Nova Scotia,Atlantic,Home Office
725,Dan Campbell,Nova Scotia,Atlantic,Small Business
726,Michael Oakman,Nova Scotia,Atlantic,Small Business
727,Keith Herrera,Nova Scotia,Atlantic,Small Business
728,Janet Martin,Nova Scotia,Atlantic,Corporate
729,David Kendrick,Nova Scotia,Atlantic,Home Office
730,Rick Duston,Nova Scotia,Atlantic,Corporate
731,Becky Martin,Nova Scotia,Atlantic,Home Office
732,Doug Jacobs,Nova Scotia,Atlantic,Home Office
733,Emily Burns,Nova Scotia,Atlantic,Home Office
734,Deanra Eno,Nova Scotia,Atlantic,Corporate
735,Robert Barroso,Nova Scotia,Atlantic,Small Business
736,Darrin Sayre,Nova Scotia,Atlantic,Consumer
737,Bradley Talbott,Nova Scotia,Atlantic,Small Business
738,Luke Foster,Nova Scotia,Atlantic,Corporate
739,Brian Stugart,Nova Scotia,Atlantic,Consumer
740,Carlos Meador,Nova Scotia,Atlantic,Corporate
741,Sara Luxemburg,Nova Scotia,Atlantic,Corporate
742,Alex Grayson,Nova Scotia,Atlantic,Consumer
743,Joni Wasserman,Nova Scotia,Atlantic,Consumer
744,Paul Knutson,Nova Scotia,Atlantic,Corporate
745,Sara Luxemburg,Nova Scotia,Atlantic,Small Business
746,Christy Brittain,Nova Scotia,Atlantic,Consumer
747,Dianna Wilson,Nova Scotia,Atlantic,Small Business
748,David Smith,Nova Scotia,Atlantic,Small Business
749,Deborah Brumfield,Nova Scotia,Atlantic,Small Business
750,Vivian Mathis,Quebec,Quebec,Corporate
751,Dave Hallsten,Quebec,Quebec,Corporate
752,Pete Takahito,Quebec,Quebec,Corporate
753,Michelle Tran,Quebec,Quebec,Home Office
754,Gene McClure,Quebec,Quebec,Home Office
755,Dave Hallsten,Quebec,Quebec,Home Office
756,Bradley Nguyen,Quebec,Quebec,Corporate
757,Bart Pistole,Quebec,Quebec,Consumer
758,Vivian Mathis,Quebec,Quebec,Consumer
759,Michelle Tran,Quebec,Quebec,Consumer
760,Jason Klamczynski,Quebec,Quebec,Home Office
761,Sanjit Jacobs,Quebec,Quebec,Consumer
762,Gene McClure,Quebec,Quebec,Consumer
763,Scott Cohen,Quebec,Quebec,Consumer
764,Natalie DeCherney,Quebec,Quebec,Consumer
765,Barry Gonzalez,Quebec,Quebec,Small Business
766,Bradley Nguyen,Quebec,Quebec,Consumer
767,Rick Reed,Quebec,Quebec,Consumer
768,Cynthia Delaney,Quebec,Quebec,Corporate
769,Cynthia Delaney,Quebec,Quebec,Home Office
770,Ross DeVincentis,Quebec,Quebec,Corporate
771,Barry Gonzalez,Quebec,Quebec,Consumer
772,Matt Collister,Quebec,Quebec,Home Office
773,Vivek Sundaresam,Quebec,Quebec,Home Office
774,Greg Tran,Quebec,Quebec,Home Office
775,Michelle Tran,Quebec,Quebec,Corporate
776,Ralph Arnett,Quebec,Quebec,Consumer
777,Carol Adams,Quebec,Quebec,Corporate
778,Bart Pistole,Quebec,Quebec,Home Office
779,Chad McGuire,Quebec,Quebec,Small Business
780,Gary McGarr,Quebec,Quebec,Home Office
781,Vivek Gonzalez,Quebec,Quebec,Consumer
782,Darren Budd,Quebec,Quebec,Corporate
783,Michelle Huthwaite,Quebec,Quebec,Home Office
784,Vivian Mathis,Quebec,Quebec,Home Office
785,Stefania Perrino,Quebec,Quebec,Corporate
786,Thea Hendricks,Quebec,Quebec,Home Office
787,Grant Thornton,Quebec,Quebec,Corporate
788,Carlos Meador,Quebec,Quebec,Consumer
789,Dean Percer,Quebec,Quebec,Home Office
790,Ann Blume,Quebec,Quebec,Small Business
791,Damala Kotsonis,Quebec,Quebec,Corporate
792,George Zrebassa,Quebec,Quebec,Home Office
793,David Flashing,Quebec,Quebec,Home Office
794,Dan Campbell,Quebec,Quebec,Small Business
795,Barry Franz,Quebec,Quebec,Corporate
796,Sylvia Foulston,Quebec,Quebec,Corporate
797,Cathy Hwang,Quebec,Quebec,Home Office
798,Deborah Brumfield,Quebec,Quebec,Corporate
799,Frank Atkinson,Quebec,Quebec,Corporate
800,Jennifer Patt,Quebec,Quebec,Home Office
801,Emily Phan,Quebec,Quebec,Consumer
802,Maribeth Dona,Quebec,Quebec,Home Office
803,Denise Leinenbach,Quebec,Quebec,Home Office
804,Corinna Mitchell,Quebec,Quebec,Corporate
805,Dianna Arnett,Quebec,Quebec,Home Office
806,Shirley Jackson,Quebec,Quebec,Corporate
807,Andy Reiter,Quebec,Quebec,Corporate
808,Karl Brown,Quebec,Quebec,Corporate
809,Dianna Wilson,Quebec,Quebec,Small Business
810,Robert Barroso,Quebec,Quebec,Small Business
811,Valerie Mitchum,Quebec,Quebec,Home Office
812,Michael Stewart,Quebec,Quebec,Small Business
813,Muhammed Lee,Quebec,Quebec,Consumer
814,Tom Prescott,Quebec,Quebec,Small Business
815,Paul Lucas,Quebec,Quebec,Corporate
816,Eric Barreto,Quebec,Quebec,Small Business
817,Michael Kennedy,Quebec,Quebec,Corporate
818,Doug Jacobs,Quebec,Quebec,Home Office
819,Benjamin Venier,Quebec,Quebec,Small Business
820,Bobby Trafton,Quebec,Quebec,Corporate
821,Speros Goranitis,Quebec,Quebec,Corporate
822,Bill Tyler,Quebec,Quebec,Consumer
823,Alan Shonely,Quebec,Quebec,Small Business
824,Tony Molinari,Quebec,Quebec,Corporate
825,Bill Shonely,Quebec,Quebec,Small Business
826,Janet Martin,Quebec,Quebec,Corporate
827,Brendan Murry,Quebec,Quebec,Corporate
828,Christy Brittain,Quebec,Quebec,Consumer
829,Anthony Garverick,Quebec,Quebec,Small Business
830,Craig Yedwab,Quebec,Quebec,Consumer
831,Bobby Trafton,Quebec,Quebec,Small Business
832,Eric Barreto,Quebec,Quebec,Consumer
833,Katrina Willman,Quebec,Quebec,Consumer
834,Aaron Hawkins,Quebec,Quebec,Home Office
835,Karl Brown,Quebec,Quebec,Home Office
836,Carlos Meador,Quebec,Quebec,Corporate
837,Peter McVee,Quebec,Quebec,Small Business
838,Corey Lock,Quebec,Quebec,Home Office
839,Michael Paige,Quebec,Quebec,Small Business
840,Debra Catini,Quebec,Quebec,Small Business
841,Harold Dahlen,Quebec,Quebec,Corporate
842,Katherine Murray,Quebec,Quebec,Home Office
843,Troy Staebel,Quebec,Quebec,Small Business
844,Bradley Drucker,Quebec,Quebec,Small Business
845,Dave Poirier,Quebec,Quebec,Small Business
846,Brad Thomas,Quebec,Quebec,Home Office
847,Elizabeth Moffitt,Quebec,Quebec,Consumer
848,Evan Henry,Quebec,Quebec,Corporate
849,Brad Thomas,Quebec,Quebec,Corporate
850,Pierre Wener,Quebec,Quebec,Home Office
851,Eleni McCrary,Quebec,Quebec,Corporate
852,Dean Percer,Quebec,Quebec,Consumer
853,Sylvia Foulston,Quebec,Quebec,Home Office
854,Ben Peterman,Quebec,Quebec,Corporate
855,Noel Staavos,Quebec,Quebec,Home Office
856,Tracy Poddar,Quebec,Quebec,Corporate
857,Mark Packer,Quebec,Quebec,Small Business
858,Fred McMath,Quebec,Quebec,Small Business
859,Darrin Sayre,Quebec,Quebec,Consumer
860,Bobby Elias,Quebec,Quebec,Small Business
861,Sara Luxemburg,Quebec,Quebec,Small Business
862,Bart Folk,Quebec,Quebec,Corporate
863,Keith Herrera,Quebec,Quebec,Corporate
864,Keith Herrera,Quebec,Quebec,Small Business
865,Deanra Eno,Quebec,Quebec,Corporate
866,Giulietta Dortch,Quebec,Quebec,Consumer
867,Astrea Jones,Quebec,Quebec,Corporate
868,Cynthia Voltz,Quebec,Quebec,Corporate
869,Chuck Sachs,Quebec,Quebec,Consumer
870,Michael Oakman,Quebec,Quebec,Small Business
871,Becky Martin,Quebec,Quebec,Home Office
872,David Kendrick,Quebec,Quebec,Home Office
873,Nicole Brennan,Quebec,Quebec,Home Office
874,Ellis Ballard,Quebec,Quebec,Corporate
875,Brian Stugart,Quebec,Quebec,Consumer
876,Alex Grayson,Quebec,Quebec,Consumer
877,Erica Hernandez,Quebec,Quebec,Small Business
878,Paul Knutson,Quebec,Quebec,Corporate
879,Joni Wasserman,Quebec,Quebec,Consumer
880,Mark Haberlin,Quebec,Quebec,Small Business
881,Julie Kriz,Quebec,Quebec,Corporate
882,Giulietta Dortch,Quebec,Quebec,Corporate
883,Rick Duston,Quebec,Quebec,Corporate
884,Yana Sorensen,Quebec,Quebec,Corporate
885,Deborah Brumfield,Quebec,Quebec,Small Business
886,Maureen Gastineau,Quebec,Quebec,Consumer
887,Julia Barnett,Quebec,Quebec,Corporate
888,Lena Cacioppo,Quebec,Quebec,Home Office
889,Alan Haines,Quebec,Quebec,Home Office
890,Katherine Nockton,Quebec,Quebec,Home Office
891,Katherine Nockton,Quebec,Quebec,Corporate
892,Jeremy Lonsdale,Quebec,Quebec,Corporate
893,Justin Hirsh,Quebec,Quebec,Consumer
894,Max Engle,Quebec,Quebec,Corporate
895,Karen Ferguson,Quebec,Quebec,Corporate
896,Carol Triggs,Quebec,Quebec,Corporate
897,Lindsay Castell,Quebec,Quebec,Small Business
898,Phillip Flathmann,Quebec,Quebec,Small Business
899,Jennifer Ferguson,Quebec,Quebec,Home Office
900,Tony Sayre,Quebec,Quebec,Home Office
901,Theresa Swint,Quebec,Quebec,Home Office
902,Tony Sayre,Quebec,Quebec,Small Business
903,Daniel Lacy,Quebec,Quebec,Small Business
904,Karen Ferguson,Quebec,Quebec,Home Office
905,Theresa Swint,Quebec,Quebec,Consumer
906,Laurel Elliston,Quebec,Quebec,Home Office
907,Tom Stivers,Quebec,Quebec,Small Business
908,Ted Butterfield,Quebec,Quebec,Corporate
909,Tom Stivers,Quebec,Quebec,Corporate
910,Jason Klamczynski,Quebec,Quebec,Small Business
911,Mitch Webber,Quebec,Quebec,Corporate
912,Deirdre Greer,Quebec,Quebec,Home Office
913,Pamela Stobb,Quebec,Quebec,Consumer
914,Logan Haushalter,Quebec,Quebec,Corporate
915,Theresa Swint,Quebec,Quebec,Small Business
916,Toby Carlisle,Quebec,Quebec,Home Office
917,Laurel Elliston,Quebec,Quebec,Corporate
918,Lindsay Castell,Quebec,Quebec,Corporate
919,Anne Pryor,Quebec,Quebec,Corporate
920,Nora Price,Quebec,Quebec,Small Business
921,Jeremy Farry,Quebec,Quebec,Small Business
922,Helen Wasserman,Quebec,Quebec,Corporate
923,Anne Pryor,Quebec,Quebec,Consumer
924,Caroline Jumper,Quebec,Quebec,Corporate
925,Nora Price,Quebec,Quebec,Home Office
926,Ben Wallace,Quebec,Quebec,Home Office
927,Stuart Van,Quebec,Quebec,Consumer
928,Jasper Cacioppo,Quebec,Quebec,Home Office
929,Helen Wasserman,Quebec,Quebec,Home Office
930,Liz Willingham,Quebec,Quebec,Home Office
931,Muhammed Yedwab,Quebec,Quebec,Consumer
932,Michael Chen,Quebec,Quebec,Consumer
933,Justin MacKendrick,Quebec,Quebec,Corporate
934,Dennis Kane,Quebec,Quebec,Small Business
935,Anne Pryor,Quebec,Quebec,Home Office
936,Bill Eplett,Quebec,Quebec,Corporate
937,Dorris Love,Quebec,Quebec,Home Office
938,Brenda Bowman,Quebec,Quebec,Home Office
939,Brenda Bowman,Quebec,Quebec,Small Business
940,Dorris Love,Quebec,Quebec,Corporate
941,Shirley Schmidt,Quebec,Quebec,Corporate
942,Jennifer Ferguson,Quebec,Quebec,Corporate
943,Kimberly Carter,Quebec,Quebec,Small Business
944,Liz Willingham,Quebec,Quebec,Corporate
945,Brian Thompson,Quebec,Quebec,Home Office
946,Kimberly Carter,Quebec,Quebec,Home Office
947,Stewart Visinsky,Quebec,Quebec,Corporate
948,Carol Triggs,Quebec,Quebec,Home Office
949,Sheri Gordon,Quebec,Quebec,Corporate
950,Shirley Daniels,Quebec,Quebec,Corporate
951,Clay Ludtke,Quebec,Quebec,Consumer
952,Fred Chung,Quebec,Quebec,Corporate
953,Alan Haines,Quebec,Quebec,Consumer
954,Sarah Brown,Quebec,Quebec,Consumer
955,Mathew Reese,Quebec,Quebec,Small Business
956,Dionis Lloyd,Quebec,Quebec,Small Business
957,Arthur Gainer,Quebec,Quebec,Corporate
958,Aaron Smayling,Quebec,Quebec,Small Business
959,John Stevenson,Quebec,Quebec,Small Business
960,Philip Brown,Ontario,Ontario,Home Office
961,Sandra Flanagan,Ontario,Ontario,Corporate
962,John Grady,Ontario,Ontario,Corporate
963,Janet Molinari,Ontario,Ontario,Corporate
964,Liz Willingham,Ontario,Ontario,Corporate
965,Sally Hughsby,Ontario,Ontario,Home Office
966,Denny Blanton,Ontario,Ontario,Home Office
967,Arthur Prichep,Ontario,Ontario,Small Business
968,Pamela Coakley,Ontario,Ontario,Corporate
969,Chris Selesnick,Ontario,Ontario,Home Office
970,Guy Phonely,Ontario,Ontario,Corporate
971,Ben Ferrer,Ontario,Ontario,Corporate
972,Liz Willingham,Ontario,Ontario,Home Office
973,Kean Nguyen,Ontario,Ontario,Corporate
974,Kean Nguyen,Ontario,Ontario,Small Business
975,Sam Zeldin,Ontario,Ontario,Small Business
976,Jas O'Carroll,Ontario,Ontario,Home Office
977,Mick Hernandez,Ontario,Ontario,Home Office
978,Robert Marley,Ontario,Ontario,Corporate
979,Jay Kimmel,Ontario,Ontario,Small Business
980,Herbert Flentye,Ontario,Ontario,Small Business
981,Xylona Price,Ontario,Ontario,Corporate
982,Harold Ryan,Ontario,Ontario,Home Office
983,Jas O'Carroll,Ontario,Ontario,Corporate
984,Sean O'Donnell,Ontario,Ontario,Corporate
985,Bill Overfelt,Ontario,Ontario,Corporate
986,Jim Kriz,Ontario,Ontario,Consumer
987,Cathy Prescott,Ontario,Ontario,Corporate
988,Vivek Grady,Ontario,Ontario,Corporate
989,Todd Sumrall,Ontario,Ontario,Consumer
990,Tony Chapman,Ontario,Ontario,Consumer
991,Alejandro Grove,Ontario,Ontario,Corporate
992,Steve Nguyen,Ontario,Ontario,Small Business
993,Laura Armstrong,Ontario,Ontario,Small Business
994,Laura Armstrong,Ontario,Ontario,Corporate
995,Sandra Flanagan,Ontario,Ontario,Home Office
996,Ryan Akin,Ontario,Ontario,Consumer
997,Nat Carroll,Ontario,Ontario,Home Office
998,Stephanie Ulpright,Ontario,Ontario,Consumer
999,Katherine Nockton,Ontario,Ontario,Corporate
1000,Jane Waco,Ontario,Ontario,Corporate
1001,Lena Radford,Ontario,Ontario,Small Business
1002,John Lucas,Ontario,Ontario,Small Business
1003,Katherine Nockton,Ontario,Ontario,Home Office
1004,Scott Cohen,Ontario,Ontario,Consumer
1005,Steve Nguyen,Ontario,Ontario,Consumer
1006,Sarah Foster,Ontario,Ontario,Corporate
1007,Stuart Calhoun,Ontario,Ontario,Consumer
1008,Matt Connell,Ontario,Ontario,Corporate
1009,John Lucas,Ontario,Ontario,Corporate
1010,Vivek Grady,Ontario,Ontario,Home Office
1011,Arthur Prichep,Ontario,Ontario,Home Office
1012,Sally Hughsby,Ontario,Ontario,Consumer
1013,Karen Daniels,Ontario,Ontario,Consumer
1014,Greg Hansen,Ontario,Ontario,Home Office
1015,Alejandro Grove,Ontario,Ontario,Consumer
1016,Lindsay Shagiari,Ontario,Ontario,Home Office
1017,Barry Franz,Ontario,Ontario,Corporate
1018,Filia McAdams,Ontario,Ontario,Small Business
1019,Bruce Degenhardt,Ontario,Ontario,Home Office
1020,Troy Blackwell,Ontario,Ontario,Home Office
1021,Patricia Hirasaki,Ontario,Ontario,Home Office
1022,Dennis Bolton,Ontario,Ontario,Small Business
1023,Mark Cousins,Ontario,Ontario,Home Office
1024,Harry Marie,Ontario,Ontario,Consumer
1025,Beth Thompson,Ontario,Ontario,Corporate
1026,Fred Wasserman,Ontario,Ontario,Home Office
1027,Lena Creighton,Ontario,Ontario,Corporate
1028,Jenna Caffey,Ontario,Ontario,Consumer
1029,Art Foster,Ontario,Ontario,Home Office
1030,Ken Brennan,Ontario,Ontario,Consumer
1031,Joe Kamberova,Ontario,Ontario,Small Business
1032,Don Weiss,Ontario,Ontario,Corporate
1033,Darrin Martin,Ontario,Ontario,Small Business
1034,Rob Haberlin,Ontario,Ontario,Consumer
1035,Hallie Redmond,Ontario,Ontario,Home Office
1036,Rob Haberlin,Ontario,Ontario,Corporate
1037,Erica Hackney,Ontario,Ontario,Small Business
1038,Jessica Myrick,Ontario,Ontario,Small Business
1039,Jim Sink,Ontario,Ontario,Corporate
1040,John Castell,Ontario,Ontario,Consumer
1041,Max Jones,Ontario,Ontario,Home Office
1042,Gene McClure,Ontario,Ontario,Consumer
1043,Denny Joy,Ontario,Ontario,Corporate
1044,John Castell,Ontario,Ontario,Small Business
1045,Mark Cousins,Ontario,Ontario,Corporate
1046,Kalyca Meade,Ontario,Ontario,Corporate
1047,Michael Dominguez,Ontario,Ontario,Home Office
1048,Clytie Kelty,Ontario,Ontario,Small Business
1049,Odella Nelson,Ontario,Ontario,Small Business
1050,Lena Creighton,Ontario,Ontario,Home Office
1051,Amy Cox,Ontario,Ontario,Home Office
1052,Maureen Fritzler,Ontario,Ontario,Corporate
1053,Benjamin Patterson,Ontario,Ontario,Corporate
1054,Hallie Redmond,Ontario,Ontario,Small Business
1055,Steven Roelle,Ontario,Ontario,Small Business
1056,Duane Benoit,Ontario,Ontario,Home Office
1057,Ken Brennan,Ontario,Ontario,Home Office
1058,Amy Cox,Ontario,Ontario,Corporate
1059,Pete Takahito,Ontario,Ontario,Corporate
1060,Kristen Hastings,Ontario,Ontario,Small Business
1061,Kristen Hastings,Ontario,Ontario,Corporate
1062,Mark Packer,Ontario,Ontario,Small Business
1063,Eric Barreto,Ontario,Ontario,Small Business
1064,Benjamin Venier,Ontario,Ontario,Small Business
1065,Ben Peterman,Ontario,Ontario,Corporate
1066,Aaron Hawkins,Ontario,Ontario,Home Office
1067,Rick Duston,Ontario,Ontario,Corporate
1068,Alex Grayson,Ontario,Ontario,Consumer
1069,Dianna Wilson,Ontario,Ontario,Small Business
1070,Christy Brittain,Ontario,Ontario,Consumer
1071,David Kendrick,Ontario,Ontario,Home Office
1072,Paul Lucas,Ontario,Ontario,Corporate
1073,Debra Catini,Ontario,Ontario,Small Business
1074,Astrea Jones,Ontario,Ontario,Corporate
1075,Fred McMath,Ontario,Ontario,Small Business
1076,Alejandro Savely,Ontario,Ontario,Corporate
1077,Noel Staavos,Ontario,Ontario,Home Office
1078,Troy Staebel,Ontario,Ontario,Small Business
1079,Craig Yedwab,Ontario,Ontario,Consumer
1080,Karl Brown,Ontario,Ontario,Home Office
1081,Alan Shonely,Ontario,Ontario,Small Business
1082,Becky Martin,Ontario,Ontario,Home Office
1083,Katrina Willman,Ontario,Ontario,Consumer
1084,Tony Molinari,Ontario,Ontario,Corporate
1085,Stefania Perrino,Ontario,Ontario,Corporate
1086,Karl Brown,Ontario,Ontario,Corporate
1087,Hunter Lopez,Ontario,Ontario,Consumer
1088,Dianna Arnett,Ontario,Ontario,Home Office
1089,Giulietta Dortch,Ontario,Ontario,Corporate
1090,Eleni McCrary,Ontario,Ontario,Home Office
1091,Eleni McCrary,Ontario,Ontario,Corporate
1092,George Zrebassa,Ontario,Ontario,Home Office
1093,Dave Poirier,Ontario,Ontario,Small Business
1094,Deanra Eno,Ontario,Ontario,Corporate
1095,Sara Luxemburg,Ontario,Ontario,Small Business
1096,Tracy Poddar,Ontario,Ontario,Corporate
1097,Eric Barreto,Ontario,Ontario,Consumer
1098,Dan Campbell,Ontario,Ontario,Small Business
1099,Katherine Murray,Ontario,Ontario,Home Office
1100,Paul Knutson,Ontario,Ontario,Corporate
1101,Jennifer Patt,Ontario,Ontario,Home Office
1102,Michael Kennedy,Ontario,Ontario,Corporate
1103,Raymond Fair,Ontario,Ontario,Small Business
1104,Chuck Sachs,Ontario,Ontario,Consumer
1105,Chris Cortes,Ontario,Ontario,Consumer
1106,Denise Leinenbach,Ontario,Ontario,Home Office
1107,Amy Cox,Ontario,Ontario,Small Business
1108,Cathy Hwang,Ontario,Ontario,Home Office
1109,Evan Henry,Ontario,Ontario,Corporate
1110,Brian Stugart,Ontario,Ontario,Consumer
1111,Carlos Meador,Ontario,Ontario,Corporate
1112,Erica Hernandez,Ontario,Ontario,Small Business
1113,Bobby Elias,Ontario,Ontario,Small Business
1114,Kean Thornton,Ontario,Ontario,Corporate
1115,Alan Schoenberger,Ontario,Ontario,Corporate
1116,Daniel Raglin,Ontario,Ontario,Corporate
1117,Brian Stugart,Ontario,Ontario,Corporate
1118,Pierre Wener,Ontario,Ontario,Home Office
1119,Jim Karlsson,Ontario,Ontario,Small Business
1120,Cari MacIntyre,Ontario,Ontario,Corporate
1121,Jason Fortune,Ontario,Ontario,Corporate
1122,Julie Prescott,Ontario,Ontario,Home Office
1123,Grant Donatelli,Ontario,Ontario,Consumer
1124,Grant Carroll,Ontario,Ontario,Small Business
1125,Philip Fox,Ontario,Ontario,Home Office
1126,Dave Brooks,Ontario,Ontario,Corporate
1127,Candace McMahon,Ontario,Ontario,Corporate
1128,Frank Hawley,Ontario,Ontario,Home Office
1129,Grant Carroll,Ontario,Ontario,Corporate
1130,Quincy Jones,New Brunswick,Atlantic,Home Office
1131,Ken Lonsdale,New Brunswick,Atlantic,Consumer
1132,Quincy Jones,New Brunswick,Atlantic,Corporate
1133,John Lee,New Brunswick,Atlantic,Corporate
1134,Lori Olson,New Brunswick,Atlantic,Consumer
1135,Nathan Mautz,New Brunswick,Atlantic,Corporate
1136,Erin Mull,New Brunswick,Atlantic,Small Business
1137,Emily Phan,New Brunswick,Atlantic,Consumer
1138,Nona Balk,New Brunswick,Atlantic,Corporate
1139,Patrick Gardner,New Brunswick,Atlantic,Consumer
1140,Ionia McGrath,New Brunswick,Atlantic,Home Office
1141,Ionia McGrath,New Brunswick,Atlantic,Small Business
1142,Justin Deggeller,New Brunswick,Atlantic,Corporate
1143,Karen Seio,New Brunswick,Atlantic,Consumer
1144,Nathan Mautz,New Brunswick,Atlantic,Home Office
1145,Erin Mull,New Brunswick,Atlantic,Corporate
1146,Tony Sayre,New Brunswick,Atlantic,Home Office
1147,Patrick Jones,New Brunswick,Atlantic,Home Office
1148,Sheri Gordon,Manitoba,Prarie,Corporate
1149,Nicole Brennan,Manitoba,Prarie,Consumer
1150,Deborah Brumfield,Manitoba,Prarie,Corporate
1151,Deborah Brumfield,Manitoba,Prarie,Small Business
1152,Dave Brooks,Manitoba,Prarie,Corporate
1153,Logan Currie,Manitoba,Prarie,Small Business
1154,Ken Black,Manitoba,Prarie,Consumer
1155,Steve Chapman,Manitoba,Prarie,Corporate
1156,Denise Monton,Manitoba,Prarie,Home Office
1157,Marc Crier,Manitoba,Prarie,Consumer
1158,Lindsay Williams,Manitoba,Prarie,Corporate
1159,John Lee,Manitoba,Prarie,Corporate
1160,Keith Dawkins,Manitoba,Prarie,Home Office
1161,Ed Braxton,Manitoba,Prarie,Consumer
1162,Cynthia Delaney,Manitoba,Prarie,Corporate
1163,Marc Crier,Manitoba,Prarie,Corporate
1164,Scot Wooten,Manitoba,Prarie,Corporate
1165,Joe Elijah,Manitoba,Prarie,Home Office
1166,Stefanie Holloman,Manitoba,Prarie,Small Business
1167,Corey Catlett,Manitoba,Prarie,Home Office
1168,Ed Braxton,Manitoba,Prarie,Home Office
1169,Patrick Ryan,Manitoba,Prarie,Corporate
1170,Maureen Grace,Manitoba,Prarie,Corporate
1171,Stewart Visinsky,Manitoba,Prarie,Corporate
1172,Toby Knight,Manitoba,Prarie,Consumer
1173,Maria Zettner,Manitoba,Prarie,Corporate
1174,Henry Goldwyn,Manitoba,Prarie,Small Business
1175,Joseph Airdo,Manitoba,Prarie,Corporate
1176,Roy Skaria,Manitoba,Prarie,Corporate
1177,Irene Maddox,Manitoba,Prarie,Consumer
1178,Mike Gockenbach,Manitoba,Prarie,Consumer
1179,Meg Tillman,Manitoba,Prarie,Small Business
1180,Tracy Zic,Manitoba,Prarie,Consumer
1181,Gary McGarr,Manitoba,Prarie,Home Office
1182,Craig Molinari,Manitoba,Prarie,Small Business
1183,Penelope Sewall,Manitoba,Prarie,Home Office
1184,Joy Daniels,Manitoba,Prarie,Corporate
1185,Darrin Martin,Manitoba,Prarie,Small Business
1186,Ryan Crowe,Manitoba,Prarie,Small Business
1187,Gene McClure,Manitoba,Prarie,Consumer
1188,Maurice Satty,Manitoba,Prarie,Corporate
1189,Julie Kriz,Manitoba,Prarie,Corporate
1190,Thomas Brumley,Manitoba,Prarie,Consumer
1191,Gene McClure,Manitoba,Prarie,Home Office
1192,Jill Stevenson,Manitoba,Prarie,Consumer
1193,Nora Pelletier,Manitoba,Prarie,Home Office
1194,Denny Joy,Manitoba,Prarie,Corporate
1195,Valerie Dominguez,Manitoba,Prarie,Corporate
1196,Maribeth Schnelling,Manitoba,Prarie,Corporate
1197,Michael Oakman,Manitoba,Prarie,Small Business
1198,Theresa Swint,Manitoba,Prarie,Consumer
1199,Eric Barreto,Manitoba,Prarie,Small Business
1200,Matthew Clasen,Manitoba,Prarie,Consumer
1201,Sue Ann Reed,Manitoba,Prarie,Consumer
1202,Nora Pelletier,Manitoba,Prarie,Corporate
1203,Nick Radford,Manitoba,Prarie,Corporate
1204,Mick Crebagga,Manitoba,Prarie,Home Office
1205,Michael Moore,Manitoba,Prarie,Corporate
1206,Tom Zandusky,Manitoba,Prarie,Home Office
1207,Henia Zydlo,Manitoba,Prarie,Home Office
1208,Tanja Norvell,Manitoba,Prarie,Corporate
1209,Mick Crebagga,Manitoba,Prarie,Corporate
1210,Evan Bailliet,Manitoba,Prarie,Corporate
1211,Troy Blackwell,Manitoba,Prarie,Home Office
1212,Tanja Norvell,Manitoba,Prarie,Consumer
1213,Ross Baird,Manitoba,Prarie,Corporate
1214,Katherine Ducich,Manitoba,Prarie,Corporate
1215,Theresa Swint,Manitoba,Prarie,Small Business
1216,Harry Marie,Manitoba,Prarie,Consumer
1217,Tracy Collins,Manitoba,Prarie,Consumer
1218,Rachel Payne,Manitoba,Prarie,Home Office
1219,Victor Price,Manitoba,Prarie,Consumer
1220,Natalie Webber,Manitoba,Prarie,Corporate
1221,Eric Hoffmann,Manitoba,Prarie,Small Business
1222,Gary Hwang,Manitoba,Prarie,Home Office
1223,Elpida Rittenbach,Manitoba,Prarie,Consumer
1224,Toby Knight,Manitoba,Prarie,Corporate
1225,Valerie Takahito,Manitoba,Prarie,Consumer
1226,Phillip Flathmann,Manitoba,Prarie,Small Business
1227,Natalie Webber,Manitoba,Prarie,Consumer
1228,Russell Applegate,Manitoba,Prarie,Home Office
1229,Thais Sissman,Manitoba,Prarie,Small Business
1230,Jamie Frazer,Manitoba,Prarie,Small Business
1231,Russell Applegate,Manitoba,Prarie,Small Business
1232,Steven Cartwright,Manitoba,Prarie,Home Office
1233,Helen Andreada,Manitoba,Prarie,Corporate
1234,Sean Braxton,Manitoba,Prarie,Small Business
1235,Linda Southworth,Manitoba,Prarie,Consumer
1236,Joseph Airdo,Manitoba,Prarie,Consumer
1237,Roland Murray,Manitoba,Prarie,Home Office
1238,Jack Garza,Manitoba,Prarie,Corporate
1239,Thais Sissman,Manitoba,Prarie,Corporate
1240,Russell D'Ascenzo,Manitoba,Prarie,Consumer
1241,Rachel Payne,Manitoba,Prarie,Consumer
1242,Arthur Gainer,Manitoba,Prarie,Consumer
1243,Steven Ward,Manitoba,Prarie,Consumer
1244,Arthur Gainer,Manitoba,Prarie,Corporate
1245,Tracy Collins,Manitoba,Prarie,Corporate
1246,Rick Bensley,Manitoba,Prarie,Consumer
1247,Emily Ducich,Manitoba,Prarie,Consumer
1248,Thea Hudgings,Manitoba,Prarie,Consumer
1249,Sanjit Engle,Manitoba,Prarie,Home Office
1250,Jill Fjeld,Manitoba,Prarie,Home Office
1251,Susan MacKendrick,Manitoba,Prarie,Corporate
1252,Ken Heidel,Saskachewan,Prarie,Corporate
1253,Joseph Holt,Saskachewan,Prarie,Home Office
1254,Ashley Jarboe,Saskachewan,Prarie,Home Office
1255,Randy Bradley,Saskachewan,Prarie,Small Business
1256,Ashley Jarboe,Saskachewan,Prarie,Small Business
1257,Randy Bradley,Saskachewan,Prarie,Corporate
1258,Pauline Webber,Saskachewan,Prarie,Consumer
1259,Kean Takahito,Saskachewan,Prarie,Home Office
1260,Peter Fuller,Saskachewan,Prarie,Consumer
1261,Matt Collister,Saskachewan,Prarie,Home Office
1262,Patrick Ryan,Saskachewan,Prarie,Corporate
1263,John Dryer,Saskachewan,Prarie,Corporate
1264,Neoma Murray,Saskachewan,Prarie,Small Business
1265,Peter Fuller,Saskachewan,Prarie,Corporate
1266,Julia Dunbar,Saskachewan,Prarie,Consumer
1267,Mitch Willingham,Saskachewan,Prarie,Corporate
1268,Toby Grace,Saskachewan,Prarie,Home Office
1269,William Brown,Saskachewan,Prarie,Home Office
1270,Rick Hansen,Saskachewan,Prarie,Home Office
1271,Susan Gilcrest,Saskachewan,Prarie,Home Office
1272,Nick Zandusky,Saskachewan,Prarie,Small Business
1273,William Brown,Saskachewan,Prarie,Corporate
1274,Rick Hansen,Saskachewan,Prarie,Corporate
1275,Maya Herman,Saskachewan,Prarie,Corporate
1276,Sam Craven,Saskachewan,Prarie,Home Office
1277,Sung Chung,Saskachewan,Prarie,Home Office
1278,Eva Jacobs,Saskachewan,Prarie,Home Office
1279,Liz Price,Saskachewan,Prarie,Consumer
1280,Craig Rider,Saskachewan,Prarie,Small Business
1281,Darrin Van Huff,Saskachewan,Prarie,Home Office
1282,Mark Hamilton,Saskachewan,Prarie,Home Office
1283,Liz Price,Saskachewan,Prarie,Corporate
1284,Brian Moss,Saskachewan,Prarie,Corporate
1285,Eugene Moren,Saskachewan,Prarie,Home Office
1286,Chuck Magee,Saskachewan,Prarie,Corporate
1287,Max Ludwig,Saskachewan,Prarie,Corporate
1288,Maribeth Yedwab,Saskachewan,Prarie,Home Office
1289,Cindy Schnelling,Saskachewan,Prarie,Corporate
1290,Mark Van Huff,Saskachewan,Prarie,Home Office
1291,Stefania Perrino,Saskachewan,Prarie,Corporate
1292,Tom Stivers,Saskachewan,Prarie,Small Business
1293,Nona Balk,Saskachewan,Prarie,Corporate
1294,Tom Stivers,Saskachewan,Prarie,Corporate
1295,Andy Reiter,Saskachewan,Prarie,Corporate
1296,Neil French,Saskachewan,Prarie,Corporate
1297,Aleksandra Gannaway,Saskachewan,Prarie,Home Office
1298,Richard Eichhorn,Saskachewan,Prarie,Consumer
1299,Aleksandra Gannaway,Saskachewan,Prarie,Corporate
1300,Nick Crebassa,Saskachewan,Prarie,Corporate
1301,Rob Beeghly,Saskachewan,Prarie,Consumer
1302,Susan Pistek,Saskachewan,Prarie,Home Office
1303,Sung Shariari,Saskachewan,Prarie,Corporate
1304,Suzanne McNair,Saskachewan,Prarie,Corporate
1305,Michelle Moray,Saskachewan,Prarie,Corporate
1306,Neil French,Saskachewan,Prarie,Consumer
1307,Robert Waldorf,Saskachewan,Prarie,Home Office
1308,Nicole Fjeld,Saskachewan,Prarie,Small Business
1309,Suzanne McNair,Saskachewan,Prarie,Small Business
1310,Brenda Bowman,Saskachewan,Prarie,Small Business
1311,Michael Oakman,Saskachewan,Prarie,Small Business
1312,Carl Weiss,Saskachewan,Prarie,Consumer
1313,Joel Eaton,Saskachewan,Prarie,Home Office
1314,Jack O'Briant,Saskachewan,Prarie,Home Office
1315,Jack O'Briant,Saskachewan,Prarie,Consumer
1316,Jack O'Briant,Saskachewan,Prarie,Small Business
1317,Kristen Hastings,Saskachewan,Prarie,Corporate
1318,Justin Ellison,Saskachewan,Prarie,Home Office
1319,Jennifer Jackson,Saskachewan,Prarie,Home Office
1320,Karen Bern,Saskachewan,Prarie,Corporate
1321,John Huston,Saskachewan,Prarie,Consumer
1322,Rick Wilson,Saskachewan,Prarie,Consumer
1323,Anthony Garverick,Saskachewan,Prarie,Small Business
1324,Lindsay Castell,Saskachewan,Prarie,Small Business
1325,Justin Deggeller,Saskachewan,Prarie,Corporate
1326,Rick Wilson,Saskachewan,Prarie,Corporate
1327,Lindsay Castell,Saskachewan,Prarie,Corporate
1328,Craig Carreira,Saskachewan,Prarie,Corporate
1329,Frank Gastineau,Saskachewan,Prarie,Small Business
1330,MaryBeth Skach,Saskachewan,Prarie,Home Office
1331,Neil Knudson,Saskachewan,Prarie,Corporate
1332,Lycoris Saunders,Saskachewan,Prarie,Home Office
1333,Dennis Pardue,Saskachewan,Prarie,Small Business
1334,Kelly Collister,Saskachewan,Prarie,Consumer
1335,Bill Eplett,Saskachewan,Prarie,Corporate
1336,Jeremy Lonsdale,Saskachewan,Prarie,Corporate
1337,Paul Stevenson,Saskachewan,Prarie,Corporate
1338,Ionia McGrath,Saskachewan,Prarie,Small Business
1339,Liz Pelletier,Saskachewan,Prarie,Home Office
1340,Jonathan Doherty,Saskachewan,Prarie,Corporate
1341,Emily Grady,Saskachewan,Prarie,Home Office
1342,Dennis Pardue,Saskachewan,Prarie,Corporate
1343,Liz Carlisle,Saskachewan,Prarie,Corporate
1344,Liz Pelletier,Saskachewan,Prarie,Corporate
1345,Janet Lee,Saskachewan,Prarie,Consumer
1346,Lycoris Saunders,Saskachewan,Prarie,Corporate
1347,Neil Knudson,Saskachewan,Prarie,Home Office
1348,Greg Hansen,Saskachewan,Prarie,Home Office
1349,Maxwell Schwartz,Saskachewan,Prarie,Corporate
1350,Denise Monton,Saskachewan,Prarie,Home Office
1351,Ionia McGrath,Saskachewan,Prarie,Home Office
1352,Jason Klamczynski,Saskachewan,Prarie,Small Business
1353,Tracy Hopkins,Saskachewan,Prarie,Small Business
1354,Craig Leslie,Saskachewan,Prarie,Consumer
1355,Valerie Takahito,Saskachewan,Prarie,Consumer
1356,Tracy Blumstein,Saskachewan,Prarie,Home Office
1357,Laurel Beltran,Saskachewan,Prarie,Consumer
1358,Kelly Andreada,Saskachewan,Prarie,Home Office
1359,Larry Blacks,Saskachewan,Prarie,Consumer
1360,Harold Dahlen,Saskachewan,Prarie,Consumer
1361,Richard Bierner,Saskachewan,Prarie,Small Business
1362,Michael Grace,Saskachewan,Prarie,Corporate
1363,Luke Schmidt,Saskachewan,Prarie,Home Office
1364,Tiffany House,Saskachewan,Prarie,Corporate
1365,Meg Tillman,Saskachewan,Prarie,Small Business
1366,Saphhira Shifley,Saskachewan,Prarie,Consumer
1367,Harold Dahlen,Saskachewan,Prarie,Corporate
1368,Saphhira Shifley,Saskachewan,Prarie,Corporate
1369,Sarah Brown,Saskachewan,Prarie,Consumer
1370,Cynthia Arntzen,Saskachewan,Prarie,Small Business
1371,Cynthia Arntzen,Saskachewan,Prarie,Home Office
1372,Beth Fritzler,Saskachewan,Prarie,Small Business
1373,Jennifer Ferguson,Saskachewan,Prarie,Corporate
1374,Brosina Hoffman,Saskachewan,Prarie,Consumer
1375,Randy Ferguson,Saskachewan,Prarie,Home Office
1376,Toby Swindell,Saskachewan,Prarie,Small Business
1377,Amy Hunt,Saskachewan,Prarie,Consumer
1378,Robert Dilbeck,Saskachewan,Prarie,Corporate
1379,Andy Gerbode,Saskachewan,Prarie,Consumer
1380,Christina Anderson,Saskachewan,Prarie,Corporate
1381,Trudy Brown,Saskachewan,Prarie,Small Business
1382,Amy Hunt,Saskachewan,Prarie,Home Office
1383,Amy Hunt,Saskachewan,Prarie,Small Business
1384,Philip Fox,Saskachewan,Prarie,Home Office
1385,Anthony Witt,Saskachewan,Prarie,Corporate
1386,Craig Molinari,Saskachewan,Prarie,Small Business
1387,Randy Ferguson,Saskachewan,Prarie,Corporate
1388,Toby Carlisle,Saskachewan,Prarie,Home Office
1389,Roy Collins,Saskachewan,Prarie,Corporate
1390,Paul Prost,Saskachewan,Prarie,Corporate
1391,Brian Dahlen,Saskachewan,Prarie,Small Business
1392,Arianne Irving,Saskachewan,Prarie,Corporate
1393,Deanra Eno,New Brunswick,Atlantic,Corporate
1394,Christina DeMoss,New Brunswick,Atlantic,Home Office
1395,Katrina Willman,New Brunswick,Atlantic,Consumer
1396,Christine Abelman,New Brunswick,Atlantic,Corporate
1397,Allen Armold,New Brunswick,Atlantic,Home Office
1398,Tracy Collins,New Brunswick,Atlantic,Consumer
1399,Alan Hwang,New Brunswick,Atlantic,Corporate
1400,Alan Hwang,New Brunswick,Atlantic,Small Business
1401,Tracy Collins,New Brunswick,Atlantic,Corporate
1402,Phillina Ober,New Brunswick,Atlantic,Small Business
1403,Anemone Ratner,New Brunswick,Atlantic,Small Business
1404,Maribeth Schnelling,New Brunswick,Atlantic,Corporate
1405,Richard Bierner,New Brunswick,Atlantic,Small Business
1406,Maribeth Dona,New Brunswick,Atlantic,Home Office
1407,Nora Price,New Brunswick,Atlantic,Home Office
1408,Dean Percer,New Brunswick,Atlantic,Home Office
1409,Pauline Johnson,New Brunswick,Atlantic,Corporate
1410,Laurel Elliston,New Brunswick,Atlantic,Home Office
1411,Jocasta Rupert,New Brunswick,Atlantic,Consumer
1412,Brendan Sweed,New Brunswick,Atlantic,Consumer
1413,Lisa DeCherney,New Brunswick,Atlantic,Consumer
1414,Dean Percer,New Brunswick,Atlantic,Consumer
1415,Aleksandra Gannaway,New Brunswick,Atlantic,Corporate
1416,Aimee Bixby,New Brunswick,Atlantic,Home Office
1417,Laurel Elliston,New Brunswick,Atlantic,Corporate
1418,Lisa DeCherney,New Brunswick,Atlantic,Corporate
1419,Muhammed Yedwab,New Brunswick,Atlantic,Consumer
1420,Georgia Rosenberg,New Brunswick,Atlantic,Consumer
1421,Jim Epp,New Brunswick,Atlantic,Small Business
1422,Nora Price,New Brunswick,Atlantic,Small Business
1423,Liz MacKendrick,New Brunswick,Atlantic,Corporate
1424,Bruce Stewart,New Brunswick,Atlantic,Corporate
1425,James Galang,New Brunswick,Atlantic,Consumer
1426,Phillip Breyer,New Brunswick,Atlantic,Corporate
1427,Lynn Smith,New Brunswick,Atlantic,Corporate
1428,Katherine Hughes,New Brunswick,Atlantic,Consumer
1429,Craig Yedwab,Yukon,Yukon,Consumer
1430,Quincy Jones,Yukon,Yukon,Home Office
1431,Craig Yedwab,Yukon,Yukon,Corporate
1432,Cindy Chapman,Yukon,Yukon,Consumer
1433,Ricardo Block,Yukon,Yukon,Corporate
1434,Benjamin Patterson,Yukon,Yukon,Corporate
1435,Ashley Jarboe,Yukon,Yukon,Home Office
1436,Cindy Stewart,Yukon,Yukon,Corporate
1437,Bruce Degenhardt,Yukon,Yukon,Home Office
1438,Ashley Jarboe,Yukon,Yukon,Small Business
1439,Quincy Jones,Yukon,Yukon,Corporate
1440,Dario Medina,Yukon,Yukon,Small Business
1441,Quincy Jones,Yukon,Yukon,Small Business
1442,Cindy Stewart,Yukon,Yukon,Consumer
1443,Rob Williams,Yukon,Yukon,Home Office
1444,Trudy Bell,Yukon,Yukon,Consumer
1445,Benjamin Farhat,Yukon,Yukon,Home Office
1446,Dianna Vittorini,Yukon,Yukon,Corporate
1447,Anna Chung,Yukon,Yukon,Home Office
1448,Cindy Chapman,Yukon,Yukon,Corporate
1449,Bart Folk,Yukon,Yukon,Corporate
1450,Dean Percer,Yukon,Yukon,Home Office
1451,Bill Tyler,Yukon,Yukon,Consumer
1452,Paul Lucas,Yukon,Yukon,Corporate
1453,Eric Barreto,Yukon,Yukon,Small Business
1454,Anthony Garverick,Yukon,Yukon,Small Business
1455,Dan Campbell,Yukon,Yukon,Small Business
1456,Mark Haberlin,Yukon,Yukon,Small Business
1457,Eric Barreto,Yukon,Yukon,Consumer
1458,Ellis Ballard,Yukon,Yukon,Corporate
1459,Anne McFarland,Yukon,Yukon,Consumer
1460,Bobby Elias,Yukon,Yukon,Small Business
1461,Karen Carlisle,Yukon,Yukon,Corporate
1462,Karl Brown,Yukon,Yukon,Corporate
1463,Karl Brown,Yukon,Yukon,Home Office
1464,Astrea Jones,Yukon,Yukon,Corporate
1465,Julia Barnett,Yukon,Yukon,Corporate
1466,Robert Barroso,Yukon,Yukon,Small Business
1467,Aleksandra Gannaway,Yukon,Yukon,Corporate
1468,Tom Prescott,Yukon,Yukon,Small Business
1469,Dave Poirier,Yukon,Yukon,Small Business
1470,Yana Sorensen,Yukon,Yukon,Corporate
1471,Aleksandra Gannaway,Yukon,Yukon,Home Office
1472,Jill Fjeld,Yukon,Yukon,Home Office
1473,Cynthia Voltz,Yukon,Yukon,Corporate
1474,Brian Stugart,Yukon,Yukon,Corporate
1475,Muhammed Lee,Yukon,Yukon,Corporate
1476,Rob Lucas,Yukon,Yukon,Small Business
1477,Duane Noonan,Yukon,Yukon,Corporate
1478,Aaron Hawkins,Yukon,Yukon,Home Office
1479,Paul Van Hugh,Yukon,Yukon,Corporate
1480,Giulietta Dortch,Yukon,Yukon,Small Business
1481,Corey Roper,Yukon,Yukon,Small Business
1482,Darren Budd,Yukon,Yukon,Consumer
1483,Grant Thornton,Yukon,Yukon,Corporate
1484,Eric Murdock,Yukon,Yukon,Home Office
1485,Amy Cox,Yukon,Yukon,Corporate
1486,Charles Crestani,Yukon,Yukon,Consumer
1487,Peter Buhler,Yukon,Yukon,Consumer
1488,Ed Braxton,Yukon,Yukon,Home Office
1489,Jennifer Patt,Yukon,Yukon,Home Office
1490,Dave Kipp,Yukon,Yukon,Consumer
1491,Jill Matthias,Yukon,Yukon,Consumer
1492,Denny Ordway,Yukon,Yukon,Small Business
1493,Tom Ashbrook,Yukon,Yukon,Home Office
1494,Amy Cox,Yukon,Yukon,Small Business
1495,Karen Carlisle,Yukon,Yukon,Home Office
1496,David Bremer,Yukon,Yukon,Corporate
1497,Bryan Spruell,Yukon,Yukon,Home Office
1498,Barry Weirich,Yukon,Yukon,Corporate
1499,Allen Armold,Yukon,Yukon,Home Office
1500,Juliana Krohn,Yukon,Yukon,Corporate
1501,Giulietta Dortch,Yukon,Yukon,Corporate
1502,Darren Budd,Yukon,Yukon,Home Office
1503,Bradley Drucker,Yukon,Yukon,Small Business
1504,Maris LaWare,Yukon,Yukon,Home Office
1505,Janet Martin,Yukon,Yukon,Corporate
1506,Christy Brittain,Yukon,Yukon,Consumer
1507,Ivan Liston,Yukon,Yukon,Consumer
1508,Brian Stugart,Yukon,Yukon,Consumer
1509,Carlos Meador,Yukon,Yukon,Corporate
1510,Ed Braxton,Yukon,Yukon,Consumer
1511,Nicole Brennan,Yukon,Yukon,Home Office
1512,Dan Campbell,Yukon,Yukon,Corporate
1513,Deanra Eno,Yukon,Yukon,Corporate
1514,Dean Katz,Yukon,Yukon,Home Office
1515,Joni Wasserman,Yukon,Yukon,Consumer
1516,Mick Brown,Yukon,Yukon,Consumer
1517,Tony Molinari,Yukon,Yukon,Corporate
1518,Tim Taslimi,Yukon,Yukon,Corporate
1519,Tracy Hopkins,Yukon,Yukon,Small Business
1520,Cyra Reiten,Yukon,Yukon,Consumer
1521,Roland Fjeld,Yukon,Yukon,Corporate
1522,Chris McAfee,Yukon,Yukon,Consumer
1523,Barry Pond,Yukon,Yukon,Consumer
1524,Nicole Brennan,Yukon,Yukon,Consumer
1525,Julia Barnett,Yukon,Yukon,Home Office
1526,Alan Schoenberger,Yukon,Yukon,Corporate
1527,Brendan Murry,Yukon,Yukon,Corporate
1528,Sara Luxemburg,Yukon,Yukon,Corporate
1529,Jeremy Pistek,Yukon,Yukon,Corporate
1530,Tamara Willingham,Yukon,Yukon,Corporate
1531,Evan Henry,Yukon,Yukon,Corporate
1532,Thea Hendricks,Yukon,Yukon,Home Office
1533,Helen Andreada,Yukon,Yukon,Corporate
1534,Benjamin Venier,Yukon,Yukon,Small Business
1535,Darrin Sayre,Yukon,Yukon,Consumer
1536,Irene Maddox,Yukon,Yukon,Consumer
1537,Deborah Brumfield,Yukon,Yukon,Small Business
1538,Nora Paige,Yukon,Yukon,Small Business
1539,Kean Thornton,Yukon,Yukon,Corporate
1540,Maureen Gastineau,Yukon,Yukon,Consumer
1541,Giulietta Dortch,Yukon,Yukon,Consumer
1542,Thomas Thornton,Yukon,Yukon,Consumer
1543,Patrick Bzostek,Yukon,Yukon,Consumer
1544,Dave Kipp,Yukon,Yukon,Corporate
1545,Shirley Jackson,Yukon,Yukon,Corporate
1546,Muhammed Lee,Yukon,Yukon,Consumer
1547,Jay Fine,Yukon,Yukon,Consumer
1548,David Kendrick,Yukon,Yukon,Home Office
1549,Sara Luxemburg,Yukon,Yukon,Small Business
1550,Bill Shonely,Yukon,Yukon,Small Business
1551,Brad Thomas,Yukon,Yukon,Corporate
1552,Speros Goranitis,Yukon,Yukon,Corporate
1553,Victoria Pisteka,Yukon,Yukon,Corporate
1554,Brad Thomas,Yukon,Yukon,Home Office
1555,Adam Hart,Yukon,Yukon,Corporate
1556,Ed Jacobs,Yukon,Yukon,Small Business
1557,Luke Foster,Yukon,Yukon,Corporate
1558,Pete Kriz,Yukon,Yukon,Corporate
1559,Pete Kriz,British Columbia,West,Corporate
1560,Mark Haberlin,British Columbia,West,Small Business
1561,Emily Burns,British Columbia,West,Home Office
1562,Mick Brown,British Columbia,West,Consumer
1563,Juliana Krohn,British Columbia,West,Small Business
1564,Yana Sorensen,British Columbia,West,Corporate
1565,Sara Luxemburg,British Columbia,West,Small Business
1566,Joni Wasserman,British Columbia,West,Consumer
1567,Eric Murdock,British Columbia,West,Home Office
1568,Chris McAfee,British Columbia,West,Consumer
1569,Bart Folk,British Columbia,West,Corporate
1570,Aleksandra Gannaway,British Columbia,West,Home Office
1571,David Kendrick,British Columbia,West,Home Office
1572,Shirley Jackson,British Columbia,West,Corporate
1573,Harold Dahlen,British Columbia,West,Consumer
1574,Muhammed Lee,British Columbia,West,Corporate
1575,Maureen Gastineau,British Columbia,West,Consumer
1576,Julia Barnett,British Columbia,West,Home Office
1577,Tom Prescott,British Columbia,West,Small Business
1578,Noel Staavos,British Columbia,West,Home Office
1579,Deborah Brumfield,British Columbia,West,Small Business
1580,Maris LaWare,British Columbia,West,Home Office
1581,Elizabeth Moffitt,British Columbia,West,Consumer
1582,Alan Schoenberger,British Columbia,West,Corporate
1583,Peter Buhler,British Columbia,West,Consumer
1584,Grant Thornton,British Columbia,West,Corporate
1585,Keith Herrera,British Columbia,West,Small Business
1586,George Zrebassa,British Columbia,West,Home Office
1587,Karen Carlisle,British Columbia,West,Corporate
1588,Dan Campbell,British Columbia,West,Corporate
1589,Bryan Spruell,British Columbia,West,Home Office
1590,Harold Dahlen,British Columbia,West,Corporate
1591,Tamara Willingham,British Columbia,West,Home Office
1592,Tamara Willingham,British Columbia,West,Corporate
1593,Nicole Brennan,British Columbia,West,Consumer
1594,Victoria Pisteka,British Columbia,West,Corporate
1595,Aaron Hawkins,British Columbia,West,Home Office
1596,Benjamin Venier,British Columbia,West,Small Business
1597,Nicole Brennan,British Columbia,West,Home Office
1598,Roland Fjeld,British Columbia,West,Corporate
1599,Chris Cortes,British Columbia,West,Consumer
1600,Patrick Bzostek,British Columbia,West,Consumer
1601,Tony Molinari,British Columbia,West,Corporate
1602,Thomas Thornton,British Columbia,West,Consumer
1603,Mark Packer,British Columbia,West,Small Business
1604,Tim Taslimi,British Columbia,West,Corporate
1605,Berenike Kampe,British Columbia,West,Corporate
1606,Irene Maddox,British Columbia,West,Consumer
1607,Adam Hart,British Columbia,West,Corporate
1608,Barry Weirich,British Columbia,West,Corporate
1609,Katherine Ducich,British Columbia,West,Corporate
1610,Eric Barreto,British Columbia,West,Consumer
1611,Nora Paige,British Columbia,West,Small Business
1612,Juliana Krohn,British Columbia,West,Corporate
1613,Ivan Liston,British Columbia,West,Consumer
1614,Jill Matthias,British Columbia,West,Consumer
1615,Denny Ordway,British Columbia,West,Small Business
1616,Alejandro Savely,British Columbia,West,Corporate
1617,Brendan Murry,British Columbia,West,Corporate
1618,Tom Ashbrook,British Columbia,West,Home Office
1619,Bradley Drucker,British Columbia,West,Small Business
1620,Doug O'Connell,British Columbia,West,Small Business
1621,Karen Carlisle,British Columbia,West,Home Office
1622,Bobby Elias,British Columbia,West,Small Business
1623,Natalie Webber,British Columbia,West,Corporate
1624,Brad Thomas,British Columbia,West,Corporate
1625,Kean Thornton,British Columbia,West,Corporate
1626,Helen Andreada,British Columbia,West,Corporate
1627,Bill Shonely,British Columbia,West,Small Business
1628,David Bremer,British Columbia,West,Corporate
1629,Anne McFarland,British Columbia,West,Consumer
1630,Charles Crestani,British Columbia,West,Consumer
1631,Debra Catini,British Columbia,West,Small Business
1632,Bobby Trafton,British Columbia,West,Small Business
1633,Dave Kipp,British Columbia,West,Consumer
1634,Jay Fine,British Columbia,West,Consumer
1635,Thea Hendricks,British Columbia,West,Home Office
1636,Bobby Trafton,British Columbia,West,Corporate
1637,Natalie Webber,British Columbia,West,Consumer
1638,Dave Poirier,British Columbia,West,Small Business
1639,Damala Kotsonis,British Columbia,West,Corporate
1640,Eric Barreto,British Columbia,West,Small Business
1641,Tracy Hopkins,British Columbia,West,Small Business
1642,Paul Van Hugh,British Columbia,West,Consumer
1643,Michael Stewart,British Columbia,West,Small Business
1644,Speros Goranitis,British Columbia,West,Corporate
1645,Cyra Reiten,British Columbia,West,Consumer
1646,Dan Campbell,British Columbia,West,Small Business
1647,Rick Huthwaite,British Columbia,West,Corporate
1648,Corey Lock,British Columbia,West,Home Office
1649,Ed Jacobs,British Columbia,West,Small Business
1650,Emily Phan,British Columbia,West,Consumer
1651,Allen Armold,British Columbia,West,Home Office
1652,Barry Pond,British Columbia,West,Consumer
1653,Dean Katz,British Columbia,West,Home Office
1654,Jeremy Pistek,British Columbia,West,Corporate
1655,Jennifer Patt,British Columbia,West,Home Office
1656,Corey Catlett,British Columbia,West,Home Office
1657,Alyssa Tate,British Columbia,West,Small Business
1658,Raymond Fair,British Columbia,West,Small Business
1659,Giulietta Dortch,British Columbia,West,Small Business
1660,Julia Barnett,British Columbia,West,Corporate
1661,Muhammed Lee,British Columbia,West,Consumer
1662,Christy Brittain,British Columbia,West,Consumer
1663,Brad Thomas,British Columbia,West,Home Office
1664,Maribeth Dona,British Columbia,West,Home Office
1665,Scott Cohen,British Columbia,West,Consumer
1666,Eugene Moren,British Columbia,West,Home Office
1667,Carol Darley,British Columbia,West,Home Office
1668,Cathy Armstrong,British Columbia,West,Consumer
1669,Cynthia Delaney,British Columbia,West,Corporate
1670,Anthony O'Donnell,British Columbia,West,Consumer
1671,Anthony O'Donnell,British Columbia,West,Corporate
1672,Art Miller,British Columbia,West,Corporate
1673,Greg Matthias,British Columbia,West,Small Business
1674,Ken Lonsdale,British Columbia,West,Consumer
1675,Greg Matthias,British Columbia,West,Home Office
1676,Fred Harton,British Columbia,West,Home Office
1677,Carol Darley,British Columbia,West,Small Business
1678,Lauren Leatherbury,British Columbia,West,Home Office
1679,Sanjit Jacobs,British Columbia,West,Consumer
1680,Christopher Martinez,British Columbia,West,Small Business
1681,Lauren Leatherbury,British Columbia,West,Corporate
1682,Eva Jacobs,British Columbia,West,Home Office
1683,Duane Noonan,British Columbia,West,Corporate
1684,Anthony Rawles,British Columbia,West,Small Business
1685,Christopher Martinez,British Columbia,West,Home Office
1686,Barry Blumstein,British Columbia,West,Small Business
1687,Andrew Allen,British Columbia,West,Corporate
1688,Art Foster,British Columbia,West,Home Office
1689,Victoria Pisteka,Alberta,West,Corporate
1690,Ricardo Block,Alberta,West,Corporate
1691,Sung Pak,Alberta,West,Small Business
1692,Mike Pelletier,Alberta,West,Corporate
1693,Sue Ann Reed,Alberta,West,Consumer
1694,Sung Chung,Alberta,West,Home Office
1695,Penelope Sewall,Alberta,West,Home Office
1696,Roger Demir,Alberta,West,Consumer
1697,Tim Brockman,Alberta,West,Consumer
1698,Sharelle Roach,Alberta,West,Home Office
1699,Resi Polking,Alberta,West,Small Business
1700,Darren Powers,Alberta,West,Corporate
1701,Tom Prescott,Alberta,West,Small Business
1702,Tamara Manning,Alberta,West,Corporate
1703,Shaun Chance,Alberta,West,Corporate
1704,Lindsay Castell,Alberta,West,Small Business
1705,Lindsay Castell,Alberta,West,Corporate
1706,Ken Dana,Alberta,West,Corporate
1707,Adam Bellavance,Alberta,West,Small Business
1708,Laurel Workman,Alberta,West,Home Office
1709,Lisa Ryan,Alberta,West,Home Office
1710,Ken Dana,Alberta,West,Small Business
1711,Julia Dunbar,Alberta,West,Consumer
1712,Helen Wasserman,Alberta,West,Home Office
1713,Max Engle,Alberta,West,Corporate
1714,Darren Koutras,Alberta,West,Consumer
1715,Chuck Clark,Alberta,West,Corporate
1716,Roger Barcio,Alberta,West,Corporate
1717,Chloris Kastensmidt,Alberta,West,Consumer
1718,Bobby Odegard,Alberta,West,Consumer
1719,Roland Murray,Alberta,West,Home Office
1720,Bobby Odegard,Alberta,West,Corporate
1721,Daniel Byrd,Alberta,West,Home Office
1722,Carl Weiss,Alberta,West,Consumer
1723,Cathy Prescott,Alberta,West,Corporate
1724,Pauline Webber,Alberta,West,Consumer
1725,Lisa Hazard,Alberta,West,Home Office
1726,Mitch Gastineau,Alberta,West,Corporate
1727,Quincy Jones,Alberta,West,Corporate
1728,Arthur Gainer,Alberta,West,Consumer
1729,Maria Etezadi,Alberta,West,Home Office
1730,Katharine Harms,Alberta,West,Consumer
1731,Mitch Gastineau,Alberta,West,Small Business
1732,Lauren Leatherbury,Alberta,West,Corporate
1733,Quincy Jones,Alberta,West,Small Business
1734,Lauren Leatherbury,Alberta,West,Home Office
1735,Matthew Grinstein,Alberta,West,Small Business
1736,John Murray,Alberta,West,Small Business
1737,Cari MacIntyre,Alberta,West,Corporate
1738,Sample Company A,Alberta,West,Home Office
1739,Hallie Redmond,Alberta,West,Home Office
1740,Hallie Redmond,Alberta,West,Small Business
1741,Maria Zettner,Alberta,West,Corporate
1742,Harold Dahlen,Alberta,West,Consumer
1743,Harold Dahlen,Alberta,West,Corporate
1744,Clytie Kelty,Alberta,West,Small Business
1745,Rose O'Brian,Alberta,West,Home Office
1746,Rick Wilson,Alberta,West,Consumer
1747,Frank Olsen,Alberta,West,Small Business
1748,Brooke Gillingham,Alberta,West,Small Business
1749,Rick Wilson,Alberta,West,Corporate
1750,Erica Hackney,Alberta,West,Small Business
1751,Alyssa Crouse,Alberta,West,Home Office
1752,Alyssa Crouse,Alberta,West,Corporate
1753,Valerie Takahito,Alberta,West,Consumer
1754,Tom Boeckenhauer,Alberta,West,Corporate
1755,Sonia Cooley,Alberta,West,Corporate
1756,Trudy Bell,Alberta,West,Consumer
1757,Adrian Barton,Alberta,West,Small Business
1758,Adam Shillingsburg,Alberta,West,Corporate
1759,Ken Lonsdale,Alberta,West,Consumer
1760,Catherine Glotzbach,Alberta,West,Home Office
1761,Cassandra Brandow,Alberta,West,Home Office
1762,Alejandro Ballentine,Alberta,West,Small Business
1763,Becky Pak,Alberta,West,Corporate
1764,Claire Good,Alberta,West,Home Office
1765,Sibella Parks,Alberta,West,Small Business
1766,Alex Russell,Alberta,West,Home Office
1767,Jenna Caffey,Alberta,West,Consumer
1768,Craig Carroll,Alberta,West,Small Business
1769,Georgia Rosenberg,Alberta,West,Consumer
1770,Daniel Lacy,Alberta,West,Small Business
1771,Anthony Jacobs,Alberta,West,Home Office
1772,Cari Sayre,Alberta,West,Home Office
1773,Bruce Money,Alberta,West,Corporate
1774,Katrina Edelman,Alberta,West,Corporate
1775,Cari Sayre,Alberta,West,Corporate
1776,Annie Thurman,Alberta,West,Home Office
1777,Craig Leslie,Alberta,West,Consumer
1778,Emily Grady,Alberta,West,Home Office
1779,Larry Tron,Alberta,West,Corporate
1780,Frank Merwin,Alberta,West,Corporate
1781,Brian DeCherney,Alberta,West,Corporate
1782,Craig Carroll,Alberta,West,Corporate
1783,Ann Steele,Alberta,West,Corporate
1784,Alice McCarthy,Alberta,West,Corporate
1785,Frank Gastineau,Alberta,West,Small Business
1786,Larry Tron,Alberta,West,Home Office
1787,Harold Pawlan,Alberta,West,Small Business
1788,Grace Kelly,Alberta,West,Consumer
1789,Kelly Williams,Alberta,West,Corporate
1790,Frank Merwin,Alberta,West,Consumer
1791,Annie Thurman,Alberta,West,Consumer
1792,Adrian Hane,Alberta,West,Corporate
1793,Christopher Conant,Alberta,West,Consumer
1794,Shui Tom,Alberta,West,Home Office
1795,Sarah Brown,Alberta,West,Consumer
1796,Steven Roelle,Alberta,West,Small Business
1797,Jim Karlsson,Alberta,West,Small Business
1798,Liz Pelletier,Alberta,West,Corporate
1799,Cyma Kinney,Alberta,West,Small Business
1800,Alan Dominguez,Alberta,West,Corporate
1801,Roy Phan,Alberta,West,Corporate
1802,Clay Cheatham,Alberta,West,Small Business
1803,Yoseph Carroll,Alberta,West,Consumer
1804,Stephanie Phelps,Alberta,West,Consumer
1805,Christine Abelman,Alberta,West,Corporate
1806,Brendan Sweed,Alberta,West,Consumer
1807,Andrew Roberts,Alberta,West,Small Business
1808,Jeremy Lonsdale,Alberta,West,Corporate
1809,Phillina Ober,Alberta,West,Small Business
1810,Tony Sayre,Alberta,West,Home Office
1811,Shui Tom,Alberta,West,Consumer
1812,Roy Phan,Alberta,West,Consumer
1813,Aaron Bergman,Alberta,West,Corporate
1814,Tonja Turnell,Alberta,West,Consumer
1815,Erica Smith,Alberta,West,Small Business
1816,Victoria Brennan,Alberta,West,Small Business
1817,Adrian Shami,Alberta,West,Consumer
1818,Raymond Book,Alberta,West,Consumer
1819,Christopher Conant,Alberta,West,Home Office
1820,Ruben Dartt,Alberta,West,Corporate
1821,Andy Yotov,Alberta,West,Corporate
1822,Andrew Roberts,Alberta,West,Home Office
1823,Tony Sayre,Alberta,West,Small Business
1824,Nicole Brennan,Alberta,West,Home Office
1825,Jessica Myrick,Alberta,West,Small Business
1826,Nicole Brennan,Alberta,West,Consumer
1827,Jason Fortune,Alberta,West,Corporate
1828,Harry Greene,Alberta,West,Corporate
1829,Mick Brown,Alberta,West,Consumer
1830,Frank Hawley,Alberta,West,Home Office
1831,Grant Donatelli,Alberta,West,Consumer
