productid,name,category,subcategory
0,APC 7 Outlet Network SurgeArrest Surge Protector,Office Supplies,Appliances
1,"Acco Smartsocketª Table Surge Protector, 6 Color-Coded Adapter Outlets",Office Supplies,Appliances
2,"Sauder Facets Collection Library, Sky Alder Finish",Furniture,Bookcases
3,Colorific¨ Watercolor Pencils,Office Supplies,Pens & Art Supplies
4,"Memo Book, 100 Message Capacity, 5 3/8Ó x 11Ó",Office Supplies,Paper
5,Global Cometª Stacking Armless Chair,Furniture,Chairs & Chairmats
6,"Strathmore #10 Envelopes, Ultimate White",Office Supplies,Envelopes
7,"Howard Miller 11-1/2"" Diameter Ridgewood Wall Clock",Furniture,Office Furnishings
8,Eldon Advantage¨ Chair Mats for Low to Medium Pile Carpets,Furniture,Office Furnishings
9,Imation 5.2GB DVD-RAM,Technology,Computer Peripherals
10,Verbatim DVD-R 4.7GB authoring disc,Technology,Computer Peripherals
11,DIXON Oriole¨ Pencils,Office Supplies,Pens & Art Supplies
12,"DAX Cubicle Frames, 8-1/2 x 11",Furniture,Office Furnishings
13,3M Hangers With Command Adhesive,Furniture,Office Furnishings
14,14-7/8 x 11 Blue Bar Computer Printout Paper,Office Supplies,Paper
15,Blackstonian Pencils,Office Supplies,Pens & Art Supplies
16,Avery 492,Office Supplies,Labels
17,SAFCO Boltless Steel Shelving,Office Supplies,Storage & Organization
18,Epson C62 Color Inkjet Printer,Technology,Office Machines
19,DMI Arturo Collection Mission-style Design Wood Chair,Furniture,Chairs & Chairmats
20,Eldon¨ 200 Classª Desk Accessories,Furniture,Office Furnishings
21,3395,Technology,Telephones and Communication
22,Fellowes High-Stak¨ Drawer Files,Office Supplies,Storage & Organization
23,Xerox 221,Office Supplies,Paper
24,Col-Erase¨ Pencils with Erasers,Office Supplies,Pens & Art Supplies
25,Newell 321,Office Supplies,Pens & Art Supplies
26,Accessory1,Technology,Telephones and Communication
27,Belkin 7 Outlet SurgeMaster Surge Protector with Phone Protection,Office Supplies,Appliances
28,"Global Airflow Leather Mesh Back Chair, Black",Furniture,Chairs & Chairmats
29,GBC DocuBind P50 Personal Binding Machine,Office Supplies,Binders and Binder Accessories
30,High Speed Automatic Electric Letter Opener,Office Supplies,"Scissors, Rulers and Trimmers"
31,Hon 5100 Series Wood Tables,Furniture,Tables
32,232,Technology,Telephones and Communication
33,"Geographics Note Cards, Blank, White, 8 1/2"" x 11""",Office Supplies,Paper
34,Xerox 1919,Office Supplies,Paper
35,"GBC Twin Loopª Wire Binding Elements, 9/16"" Spine, Black",Office Supplies,Binders and Binder Accessories
36,O'Sullivan Manor Hill 2-Door Library in Brianna Oak,Furniture,Bookcases
37,Hon Pagodaª Stacking Chairs,Furniture,Chairs & Chairmats
38,OIC Bulk Pack Metal Binder Clips,Office Supplies,Rubber Bands
39,Xerox 224,Office Supplies,Paper
40,V8162,Technology,Telephones and Communication
41,"Gould Plastics 9-Pocket Panel Bin, 18-3/8w x 5-1/4d x 20-1/2h, Black",Office Supplies,Storage & Organization
42,Letter or Legal Size Expandable Poly String Tie Envelopes,Office Supplies,Envelopes
43,Hoover Replacement Belt for Commercial Guardsman Heavy-Duty Upright Vacuum,Office Supplies,Appliances
44,Advantus SlideClipª Paper Clips,Office Supplies,Rubber Bands
45,Staples Vinyl Coated Paper Clips,Office Supplies,Rubber Bands
46,Recycled Premium Regency Composition Covers,Office Supplies,Binders and Binder Accessories
47,Xerox 1985,Office Supplies,Paper
48,Xerox 1888,Office Supplies,Paper
49,"DXLª Angle-View Binders with Locking Rings, Black",Office Supplies,Binders and Binder Accessories
50,"IBM 3.5"" DS/HD IBM Formatted Diskettes, 50/Pack",Technology,Computer Peripherals
51,Nu-Dell Float Frame 11 x 14 1/2,Furniture,Office Furnishings
52,Polycom VoiceStation 100,Technology,Office Machines
53,V8160,Technology,Telephones and Communication
54,Hewlett Packard 610 Color Digital Copier / Printer,Technology,Copiers and Fax
55,A1228,Technology,Telephones and Communication
56,Acme Kleencut¨ Forged Steel Scissors,Office Supplies,"Scissors, Rulers and Trimmers"
57,Computer Printout Index Tabs,Office Supplies,Binders and Binder Accessories
58,"Acco Six-Outlet Power Strip, 4' Cord Length",Office Supplies,Appliances
59,i600,Technology,Telephones and Communication
60,"Boston Electric Pencil Sharpener, Model 1818, Charcoal Black",Office Supplies,Pens & Art Supplies
61,"SAFCO Commercial Wire Shelving, Black",Office Supplies,Storage & Organization
62,"Avery Trapezoid Ring Binder, 3"" Capacity, Black, 1040 sheets",Office Supplies,Binders and Binder Accessories
63,Xerox 1941,Office Supplies,Paper
64,Staples File Caddy,Office Supplies,Storage & Organization
65,i500plus,Technology,Telephones and Communication
66,"Tennsco Stur-D-Stor Boltless Shelving, 5 Shelves, 24"" Deep, Sand",Office Supplies,Storage & Organization
67,"Tyvek ¨ Top-Opening Peel & Seel Envelopes, Plain White",Office Supplies,Envelopes
68,Wilson Jones Standard D-Ring Binders,Office Supplies,Binders and Binder Accessories
69,GBC Binding covers,Office Supplies,Binders and Binder Accessories
70,Sensible Storage WireTech Storage Systems,Office Supplies,Storage & Organization
71,Wilson Jones Easy Flow IIª Sheet Lifters,Office Supplies,Binders and Binder Accessories
72,Boston 1799 Powerhouseª Electric Pencil Sharpener,Office Supplies,Pens & Art Supplies
73,Kensington 7 Outlet MasterPiece Power Center with Fax/Phone Line Protection,Office Supplies,Appliances
74,6162m,Technology,Telephones and Communication
75,Okidata ML520 Series Dot Matrix Printers,Technology,Office Machines
76,Maxell 4.7GB DVD-R,Technology,Computer Peripherals
77,Quality Park Security Envelopes,Office Supplies,Envelopes
78,"Panasonic All Digital Answering System with Caller ID*, KX-TM150B",Technology,Telephones and Communication
79,Boston 19500 Mighty Mite Electric Pencil Sharpener,Office Supplies,Pens & Art Supplies
80,Dana Swing-Arm Lamps,Furniture,Office Furnishings
81,Alliance Rubber Bands,Office Supplies,Rubber Bands
82,"Electrix Architect's Clamp-On Swing Arm Lamp, Black",Furniture,Office Furnishings
83,Newell 339,Office Supplies,Pens & Art Supplies
84,Staples Bulk Pack Metal Binder Clips,Office Supplies,Rubber Bands
85,"Eldon Base for stackable storage shelf, platinum",Office Supplies,Storage & Organization
86,Xerox 1948,Office Supplies,Paper
87,Ibico Recycled Linen-Style Covers,Office Supplies,Binders and Binder Accessories
88,600 Series Non-Flip,Technology,Telephones and Communication
89,Accessory24,Technology,Telephones and Communication
90,Eldon ClusterMat Chair Mat with Cordless Antistatic Protection,Furniture,Office Furnishings
91,"Sauder Camden County Collection Libraries, Planked Cherry Finish",Furniture,Bookcases
92,"Avery Hi-Liter GlideStik Fluorescent Highlighter, Yellow Ink",Office Supplies,Pens & Art Supplies
93,"Sauder Camden County Barrister Bookcase, Planked Cherry Finish",Furniture,Bookcases
94,Laser & Ink Jet Business Envelopes,Office Supplies,Envelopes
95,Xerox 1907,Office Supplies,Paper
96,"Global Leather & Oak Executive Chair, Burgundy",Furniture,Chairs & Chairmats
97,Global Ergonomic Managers Chair,Furniture,Chairs & Chairmats
98,Rubber Band Ball,Office Supplies,Rubber Bands
99,Avery Premier Heavy-Duty Binder with Round Locking Rings,Office Supplies,Binders and Binder Accessories
100,Xerox 20,Office Supplies,Paper
101,Laminate Occasional Tables,Furniture,Tables
102,"Adams Telephone Message Book W/Dividers/Space For Phone Numbers, 5 1/4""X8 1/2"", 200/Messages",Office Supplies,Paper
103,Avoid Verbal Orders Carbonless Minifold Book,Office Supplies,Paper
104,"Imation 3.5"" DS-HD Macintosh Formatted Diskettes, 10/Pack",Technology,Computer Peripherals
105,Logitech Internet Navigator Keyboard,Technology,Computer Peripherals
106,"Eldon Expressions Punched Metal & Wood Desk Accessories, Black & Cherry",Furniture,Office Furnishings
107,Motorola SB4200 Cable Modem,Technology,Computer Peripherals
108,6190,Technology,Telephones and Communication
109,Acco Perma¨ 2700 Stacking Storage Drawers,Office Supplies,Storage & Organization
110,GBC Durable Plastic Covers,Office Supplies,Binders and Binder Accessories
111,Lexmark Z25 Color Inkjet Printer,Technology,Office Machines
112,Premium Transparent Presentation Covers by GBC,Office Supplies,Binders and Binder Accessories
113,Xerox 1924,Office Supplies,Paper
114,"Situations Contoured Folding Chairs, 4/Set",Furniture,Chairs & Chairmats
115,Xerox 1980,Office Supplies,Paper
116,"Eldon¨ Image Series Desk Accessories, Burgundy",Furniture,Office Furnishings
117,Plastic Binding Combs,Office Supplies,Binders and Binder Accessories
118,ELITE Series,Technology,Telephones and Communication
119,Accessory12,Technology,Telephones and Communication
120,Rogers Handheld Barrel Pencil Sharpener,Office Supplies,Pens & Art Supplies
121,Belkin Premiere Surge Master II 8-outlet surge protector,Office Supplies,Appliances
122,DAX Cubicle Frames - 8x10,Furniture,Office Furnishings
123,"Seth Thomas 8 1/2"" Cubicle Clock",Furniture,Office Furnishings
124,"Imation 3.5, DISKETTE 44766 HGHLD3.52HD/FM, 10/Pack",Technology,Computer Peripherals
125,Xerox 1916,Office Supplies,Paper
126,Global Enterpriseª Series Seating Low-Back Swivel/Tilt Chairs,Furniture,Chairs & Chairmats
127,"C-Line Cubicle Keepers Polyproplyene Holder w/Velcro¨ Back, 8-1/2x11, 25/Bx",Furniture,Office Furnishings
128,"Black Print Carbonless 8 1/2"" x 8 1/4"" Rapid Memo Book",Office Supplies,Paper
129,"Perma STOR-ALLª Hanging File Box, 13 1/8""W x 12 1/4""D x 10 1/2""H",Office Supplies,Storage & Organization
130,Acme¨ Design Stainless Steel Bent Scissors,Office Supplies,"Scissors, Rulers and Trimmers"
131,"Imation 3.5"" DS/HD IBM Formatted Diskettes, 10/Pack",Technology,Computer Peripherals
132,Hayes Optima 56K V.90 Internal Voice Modem,Technology,Computer Peripherals
133,Accessory17,Technology,Telephones and Communication
134,Self-Adhesive Removable Labels,Office Supplies,Labels
135,Hon Every-Day¨ Chair Series Swivel Task Chairs,Furniture,Chairs & Chairmats
136,Advantus Panel Wall Certificate Holder - 8.5x11,Furniture,Office Furnishings
137,Newell 325,Office Supplies,Pens & Art Supplies
138,Ultra Door Push Plate,Furniture,Office Furnishings
139,"Metal Folding Chairs, Beige, 4/Carton",Furniture,Chairs & Chairmats
140,"File Shuttle II and Handi-File, Black",Office Supplies,Storage & Organization
141,Round Specialty Laser Printer Labels,Office Supplies,Labels
142,Avery 516,Office Supplies,Labels
143,Fellowes Black Plastic Comb Bindings,Office Supplies,Binders and Binder Accessories
144,GBC Imprintable Covers,Office Supplies,Binders and Binder Accessories
145,Poly Designer Cover & Back,Office Supplies,Binders and Binder Accessories
146,Newell 332,Office Supplies,Pens & Art Supplies
147,Zoom V.92 V.44 PCI Internal Controllerless FaxModem,Technology,Computer Peripherals
148,"Chromcraft Bull-Nose Wood 48"" x 96"" Rectangular Conference Tables",Furniture,Tables
149,Ibico Laser Imprintable Binding System Covers,Office Supplies,Binders and Binder Accessories
150,"Avery¨ 3 1/2"" Diskette Storage Pages, 10/Pack",Office Supplies,Binders and Binder Accessories
151,Fellowes 8 Outlet Superior Workstation Surge Protector w/o Phone/Fax/Modem Protection,Office Supplies,Appliances
152,Stockwell Push Pins,Office Supplies,Rubber Bands
153,GBC ProClick Punch Binding System,Office Supplies,Binders and Binder Accessories
154,"Imation 3.5"" Diskettes, IBM Format, DS/HD, 10/Box, Neon",Technology,Computer Peripherals
155,"Westinghouse Floor Lamp with Metal Mesh Shade, Black",Furniture,Office Furnishings
156,Avery Durable Poly Binders,Office Supplies,Binders and Binder Accessories
157,"Soundgear Copyboard Conference Phone, Optional Battery",Technology,Office Machines
158,Epson FX-2180 Wide Format Dot Matrix Printer,Technology,Office Machines
159,Xerox 1882,Office Supplies,Paper
160,Pizazz¨ Global Quick Fileª,Office Supplies,Storage & Organization
161,Presstex Flexible Ring Binders,Office Supplies,Binders and Binder Accessories
162,Keytronic Designer 104- Key Black Keyboard,Technology,Computer Peripherals
163,Luxo Economy Swing Arm Lamp,Furniture,Office Furnishings
164,"Eureka The Boss¨ Plus 12-Amp Hard Box Upright Vacuum, Red",Office Supplies,Appliances
165,"Eldon Expressionsª Desk Accessory, Wood Photo Frame, Mahogany",Furniture,Office Furnishings
166,Martin-Yale Premier Letter Opener,Office Supplies,"Scissors, Rulers and Trimmers"
167,StarTAC 8000,Technology,Telephones and Communication
168,Epson DFX5000+ Dot Matrix Printer,Technology,Office Machines
169,"Adams Phone Message Book, Professional, 400 Message Capacity, 5 3/6Ó x 11Ó",Office Supplies,Paper
170,O'Sullivan Cherrywood Estates Traditional Barrister Bookcase,Furniture,Bookcases
171,"Sanford Colorific¨ Eraseable Coloring Pencils, 12 Count",Office Supplies,Pens & Art Supplies
172,"Executive Impressions 8-1/2"" Career Panel/Partition Cubicle Clock",Furniture,Office Furnishings
173,Xerox 229,Office Supplies,Paper
174,Avery Non-Stick Binders,Office Supplies,Binders and Binder Accessories
175,"Executive Impressions 14"" Contract Wall Clock",Furniture,Office Furnishings
176,TI 36X Solar Scientific Calculator,Technology,Office Machines
177,Panasonic KX-P3626 Dot Matrix Printer,Technology,Office Machines
178,"Linden¨ 12"" Wall Clock With Oak Frame",Furniture,Office Furnishings
179,Contemporary Wood/Metal Frame,Furniture,Office Furnishings
180,Kensington 7 Outlet MasterPiece Power Center,Office Supplies,Appliances
181,Belkin 5 Outlet SurgeMasterª Power Centers,Office Supplies,Appliances
182,Xerox 1951,Office Supplies,Paper
183,Xerox 1917,Office Supplies,Paper
184,Economy Binders,Office Supplies,Binders and Binder Accessories
185,Panasonic KX-P3200 Dot Matrix Printer,Technology,Office Machines
186,Fellowes Super Stor/Drawer¨,Office Supplies,Storage & Organization
187,Xerox 1926,Office Supplies,Paper
188,Microsoft Office Keyboard,Technology,Computer Peripherals
189,6000,Technology,Telephones and Communication
190,"Verbatim DVD-RAM, 9.4GB, Rewritable, Type 1, DS, DataLife Plus",Technology,Computer Peripherals
191,"3.5"" IBM Formatted Diskettes, DS/HD",Technology,Computer Peripherals
192,300 Series Non-Flip,Technology,Telephones and Communication
193,Fluorescent Highlighters by Dixon,Office Supplies,Pens & Art Supplies
194,"DS/HD IBM Formatted Diskettes, 200/Pack - Staples",Technology,Computer Peripherals
195,Xerox 1974,Office Supplies,Paper
196,"Eldon¨ Executive Woodline II Desk Accessories, Mahogany",Furniture,Office Furnishings
197,"Verbatim DVD Rewritable Disc, Single-Sided, 4.7GB",Technology,Computer Peripherals
198,"REDIFORM Incoming/Outgoing Call Register, 11"" X 8 1/2"", 100 Messages",Office Supplies,Paper
199,"Tenex Personal Self-Stacking Standard File Box, Black/Gray",Office Supplies,Storage & Organization
200,Colored Envelopes,Office Supplies,Envelopes
201,GBC Standard Plastic Binding Systems' Combs,Office Supplies,Binders and Binder Accessories
202,Epson FX-980 Dot Matrix Printer,Technology,Office Machines
203,Micro Innovations Media Access Pro Keyboard,Technology,Computer Peripherals
204,"GBC Clear Cover, 8-1/2 x 11, unpunched, 25 covers per pack",Office Supplies,Binders and Binder Accessories
205,Hon Deluxe Fabric Upholstered Stacking Chairs,Furniture,Chairs & Chairmats
206,Staples Premium Bright 1-Part Blank Computer Paper,Office Supplies,Paper
207,Xerox 223,Office Supplies,Paper
208,"Imation 3.5 IBM Diskettes, 10/Box",Technology,Computer Peripherals
209,Grip Seal Envelopes,Office Supplies,Envelopes
210,Hon Multipurpose Stacking Arm Chairs,Furniture,Chairs & Chairmats
211,Recycled Steel Personal File for Standard File Folders,Office Supplies,Storage & Organization
212,"Tenex File Box, Personal Filing Tote with Lid, Black",Office Supplies,Storage & Organization
213,R380,Technology,Telephones and Communication
214,Avery Arch Ring Binders,Office Supplies,Binders and Binder Accessories
215,"IBM Active Response Keyboard, Black",Technology,Computer Peripherals
216,"Global Leather and Oak Executive Chair, Black",Furniture,Chairs & Chairmats
217,"Eldon¨ 300 Classª Desk Accessories, Black",Furniture,Office Furnishings
218,Super Decoflex Portable Personal File,Office Supplies,Storage & Organization
219,Logitech Cordless Navigator Duo,Technology,Computer Peripherals
220,"Eureka Hand Vacuum, Bagless",Office Supplies,Appliances
221,Binding Machine Supplies,Office Supplies,Binders and Binder Accessories
222,Sanyo 2.5 Cubic Foot Mid-Size Office Refrigerators,Office Supplies,Appliances
223,Xerox 1953,Office Supplies,Paper
224,"OIC Colored Binder Clips, Assorted Sizes",Office Supplies,Rubber Bands
225,Multicolor Computer Printout Paper,Office Supplies,Paper
226,Stanley Bostitch Contemporary Electric Pencil Sharpeners,Office Supplies,Pens & Art Supplies
227,T193,Technology,Telephones and Communication
228,GBC Recycled Regency Composition Covers,Office Supplies,Binders and Binder Accessories
229,"Computer Room Manger, 14""",Furniture,Office Furnishings
230,"Crayola Anti Dust Chalk, 12/Pack",Office Supplies,Pens & Art Supplies
231,CF 888,Technology,Telephones and Communication
232,GBC DocuBind 300 Electric Binding Machine,Office Supplies,Binders and Binder Accessories
233,Personal Creationsª Ink Jet Cards and Labels,Office Supplies,Paper
234,Advantus Map Pennant Flags and Round Head Tacks,Office Supplies,Rubber Bands
235,Epson Stylus 1520 Color Inkjet Printer,Technology,Office Machines
236,Lexmark Z54se Color Inkjet Printer,Technology,Office Machines
237,#6 3/4 Gummed Flap White Envelopes,Office Supplies,Envelopes
238,Crate-A-Filesª,Office Supplies,Storage & Organization
239,GBC Linen Binding Covers,Office Supplies,Binders and Binder Accessories
240,Portfile¨ Personal File Boxes,Office Supplies,Storage & Organization
241,Novimex Swivel Fabric Task Chair,Furniture,Chairs & Chairmats
242,"Fellowes Personal Hanging Folder Files, Navy",Office Supplies,Storage & Organization
243,"Howard Miller 16"" Diameter Gallery Wall Clock",Furniture,Office Furnishings
244,Spiral Phone Message Books with Labels by Adams,Office Supplies,Paper
245,DAX Clear Channel Poster Frame,Furniture,Office Furnishings
246,"Eldon Spacemaker¨ Box, Quick-Snap Lid, Clear",Office Supplies,Pens & Art Supplies
247,GBC Poly Designer Binding Covers,Office Supplies,Binders and Binder Accessories
248,Ibico EPK-21 Electric Binding System,Office Supplies,Binders and Binder Accessories
249,Avery Poly Binder Pockets,Office Supplies,Binders and Binder Accessories
250,Hon Comfortask¨ Task/Swivel Chairs,Furniture,Chairs & Chairmats
251,"Dixon Ticonderoga¨ Erasable Colored Pencil Set, 12-Color",Office Supplies,Pens & Art Supplies
252,Kensington 6 Outlet Guardian Standard Surge Protector,Office Supplies,Appliances
253,"Imation 3.5"" Unformatted DS/HD Diskettes, 10/Box",Technology,Computer Peripherals
254,Avery Heavy-Duty EZD ª Binder With Locking Rings,Office Supplies,Binders and Binder Accessories
255,"Adams Telephone Message Book W/Dividers/Space For Phone Numbers, 5 1/4""X8 1/2"", 300/Messages",Office Supplies,Paper
256,8260,Technology,Telephones and Communication
257,"DAX Charcoal/Nickel-Tone Document Frame, 5 x 7",Furniture,Office Furnishings
258,iDEN i95,Technology,Telephones and Communication
259,"Letter/Legal File Tote with Clear Snap-On Lid, Black Granite",Office Supplies,Storage & Organization
260,"Binney & Smith inkTankª Erasable Pocket Highlighter, Chisel Tip, Yellow",Office Supplies,Pens & Art Supplies
261,"Atlantic Metals Mobile 3-Shelf Bookcases, Custom Colors",Furniture,Bookcases
262,Electrix Fluorescent Magnifier Lamps & Weighted Base,Furniture,Office Furnishings
263,"Pressboard Covers with Storage Hooks, 9 1/2"" x 11"", Light Blue",Office Supplies,Binders and Binder Accessories
264,Fellowes PB500 Electric Punch Plastic Comb Binding Machine with Manual Bind,Office Supplies,Binders and Binder Accessories
265,Eldon Cleatmat Plusª Chair Mats for High Pile Carpets,Furniture,Office Furnishings
266,"Fellowes Mobile Numeric Keypad, Graphite",Technology,Computer Peripherals
267,"Belkin 325VA UPS Surge Protector, 6'",Office Supplies,Appliances
268,Strathmore Photo Mount Cards,Office Supplies,Paper
269,"Trav-L-File Heavy-Duty Shuttle II, Black",Office Supplies,Storage & Organization
270,Aluminum Document Frame,Furniture,Office Furnishings
271,Xerox 226,Office Supplies,Paper
272,"SimpliFileª Personal File, Black Granite, 15w x 6-15/16d x 11-1/4h",Office Supplies,Storage & Organization
273,Zoom V.92 USB External Faxmodem,Technology,Computer Peripherals
274,Security-Tint Envelopes,Office Supplies,Envelopes
275,6162,Technology,Telephones and Communication
276,G.E. Halogen Desk Lamp Bulbs,Furniture,Office Furnishings
277,Xerox 1997,Office Supplies,Paper
278,"Executive Impressions 14"" Contract Wall Clock with Quartz Movement",Furniture,Office Furnishings
279,"Sauder Facets Collection Locker/File Cabinet, Sky Alder Finish",Office Supplies,Storage & Organization
280,"Deflect-o EconoMat Studded, No Bevel Mat for Low Pile Carpeting",Furniture,Office Furnishings
281,3.6 Cubic Foot Counter Height Office Refrigerator,Office Supplies,Appliances
282,Avery 482,Office Supplies,Labels
283,Sanford Liquid Accent Highlighters,Office Supplies,Pens & Art Supplies
284,*Staples* Packaging Labels,Office Supplies,Labels
285,Artistic Insta-Plaque,Furniture,Office Furnishings
286,"Staples 10"" Round Wall Clock",Furniture,Office Furnishings
287,Sauder Camden County Collection Library,Furniture,Bookcases
288,Acme¨ Office Executive Series Stainless Steel Trimmers,Office Supplies,"Scissors, Rulers and Trimmers"
289,Bevis Round Conference Room Tables and Bases,Furniture,Tables
290,Xerox 1972,Office Supplies,Paper
291,"Sanford EarthWrite¨ Recycled Pencils, Medium Soft, #2",Office Supplies,Pens & Art Supplies
292,HP Office Paper (20Lb. and 87 Bright),Office Supplies,Paper
293,BASF Silver 74 Minute CD-R,Technology,Computer Peripherals
294,Hammermill CopyPlus Copy Paper (20Lb. and 84 Bright),Office Supplies,Paper
295,Euro Pro Shark Stick Mini Vacuum,Office Supplies,Appliances
296,Newell 318,Office Supplies,Pens & Art Supplies
297,GBC DocuBind TL200 Manual Binding Machine,Office Supplies,Binders and Binder Accessories
298,GBC ProClick Spines for 32-Hole Punch,Office Supplies,Binders and Binder Accessories
299,Avery File Folder Labels,Office Supplies,Labels
300,"DAX Contemporary Wood Frame with Silver Metal Mat, Desktop, 11 x 14 Size",Furniture,Office Furnishings
301,Accessory23,Technology,Telephones and Communication
302,Satellite Sectional Post Binders,Office Supplies,Binders and Binder Accessories
303,Revere Boxed Rubber Bands by Revere,Office Supplies,Rubber Bands
304,Letter Size Cart,Office Supplies,Storage & Organization
305,Large Capacity Hanging Post Binders,Office Supplies,Binders and Binder Accessories
306,Honeywell Enviracaire Portable HEPA Air Cleaner for 17' x 22' Room,Office Supplies,Appliances
307,"Howard Miller 13-3/4"" Diameter Brushed Chrome Round Wall Clock",Furniture,Office Furnishings
308,StarTAC Analog,Technology,Telephones and Communication
309,Avery 520,Office Supplies,Labels
310,"Rush Hierlooms Collection 1"" Thick Stackable Bookcases",Furniture,Bookcases
311,Fellowes 8 Outlet Superior Workstation Surge Protector,Office Supplies,Appliances
312,HP Office Recycled Paper (20Lb. and 87 Bright),Office Supplies,Paper
313,Fuji 5.2GB DVD-RAM,Technology,Computer Peripherals
314,5170,Technology,Telephones and Communication
315,"Dot Matrix Printer Tape Reel Labels, White, 5000/Box",Office Supplies,Labels
316,Hon GuestStacker Chair,Furniture,Chairs & Chairmats
317,"Holmes Replacement Filter for HEPA Air Cleaner, Large Room",Office Supplies,Appliances
318,"DAX Two-Tone Rosewood/Black Document Frame, Desktop, 5 x 7",Furniture,Office Furnishings
319,"Verbatim DVD-R, 4.7GB, Spindle, WE, Blank, Ink Jet/Thermal, 20/Spindle",Technology,Computer Peripherals
320,Xerox 1964,Office Supplies,Paper
321,Tennsco Double-Tier Lockers,Office Supplies,Storage & Organization
322,Xerox 1940,Office Supplies,Paper
323,Staples Colored Bar Computer Paper,Office Supplies,Paper
324,"Polycom Soundstation EX Audio-Conferencing Telephone, Black",Technology,Office Machines
325,Bionaire 99.97% HEPA Air Cleaner,Office Supplies,Appliances
326,Avery 511,Office Supplies,Labels
327,"TOPS Voice Message Log Book, Flash Format",Office Supplies,Paper
328,Newell 308,Office Supplies,Pens & Art Supplies
329,Fellowes Command Center 5-outlet power strip,Office Supplies,Appliances
330,Okidata ML320 Series Turbo Dot Matrix Printers,Technology,Office Machines
331,Boston 16701 Slimline Battery Pencil Sharpener,Office Supplies,Pens & Art Supplies
332,Avery¨ Durable Slant Ring Binders With Label Holder,Office Supplies,Binders and Binder Accessories
333,i270,Technology,Telephones and Communication
334,"Fellowes Mobile File Cart, Black",Office Supplies,Storage & Organization
335,Avery Binding System Hidden Tabª Executive Style Index Sets,Office Supplies,Binders and Binder Accessories
336,Tenex Antistatic Computer Chair Mats,Furniture,Office Furnishings
337,Polycom ViaVideoª Desktop Video Communications Unit,Technology,Office Machines
338,"Wirebound Message Books, 5-1/2 x 4 Forms, 2 or 4 Forms per Page",Office Supplies,Paper
339,Epson C82 Color Inkjet Printer,Technology,Office Machines
340,TI 30X Scientific Calculator,Technology,Office Machines
341,"Eldon Delta Triangular Chair Mat, 52"" x 58"", Clear",Furniture,Office Furnishings
342,DPC 650 Piper,Technology,Telephones and Communication
343,Xerox 1883,Office Supplies,Paper
344,Accessory15,Technology,Telephones and Communication
345,"Quartet Alpha¨ White Chalk, 12/Pack",Office Supplies,Pens & Art Supplies
346,iDENi80s,Technology,Telephones and Communication
347,Micro Innovations 104 Keyboard,Technology,Computer Peripherals
348,Panasonic KP-150 Electric Pencil Sharpener,Office Supplies,Pens & Art Supplies
349,5165,Technology,Telephones and Communication
350,8860,Technology,Telephones and Communication
351,"Boston School Pro Electric Pencil Sharpener, 1670",Office Supplies,Pens & Art Supplies
352,Newell¨ 3-Hole Punched Plastic Slotted Magazine Holders for Binders,Office Supplies,Binders and Binder Accessories
353,Avery 48,Office Supplies,Labels
354,iDEN i550,Technology,Telephones and Communication
355,Eldon¨ 500 Classª Desk Accessories,Furniture,Office Furnishings
356,GBC Instant Indexª System for Binding Systems,Office Supplies,Binders and Binder Accessories
357,Avery 514,Office Supplies,Labels
358,Eldon Portable Mobile Manager,Office Supplies,Storage & Organization
359,Hanging Personal Folder File,Office Supplies,Storage & Organization
360,"Executive Impressions 14"" Two-Color Numerals Wall Clock",Furniture,Office Furnishings
361,"Sanford Prismacolor¨ Professional Thick Lead Art Pencils, 36-Color Set",Office Supplies,Pens & Art Supplies
362,Canon PC1060 Personal Laser Copier,Technology,Copiers and Fax
363,Hon Non-Folding Utility Tables,Furniture,Tables
364,Eldon¨ Wave Desk Accessories,Furniture,Office Furnishings
365,"Imation Neon 80 Minute CD-R Spindle, 50/Pack",Technology,Computer Peripherals
366,Assorted Color Push Pins,Office Supplies,Rubber Bands
367,DAX Wood Document Frame,Furniture,Office Furnishings
368,Howard Miller Distant Time Traveler Alarm Clock,Furniture,Office Furnishings
369,"Ampad¨ Evidence¨ Wirebond Steno Books, 6"" x 9""",Office Supplies,Paper
370,Acco Perma¨ 3000 Stacking Storage Drawers,Office Supplies,Storage & Organization
371,Canon F603 Scientific Calculator,Technology,Office Machines
372,Hammermill Color Copier Paper (28Lb. and 96 Bright),Office Supplies,Paper
373,Xerox 1979,Office Supplies,Paper
374,Zebra Zazzle Fluorescent Highlighters,Office Supplies,Pens & Art Supplies
375,"Holmes Cool Mist Humidifier for the Whole House with 8-Gallon Output per Day, Extended Life Filter",Office Supplies,Appliances
376,Hand-Finished Solid Wood Document Frame,Furniture,Office Furnishings
377,g520,Technology,Telephones and Communication
378,Luxo Professional Fluorescent Magnifier Lamp with Clamp-Mount Base,Furniture,Office Furnishings
379,Safco Industrial Wire Shelving,Office Supplies,Storage & Organization
380,Hoover Upright Vacuum With Dirt Cup,Office Supplies,Appliances
381,Xerox 207,Office Supplies,Paper
382,Fellowes Binding Cases,Office Supplies,Binders and Binder Accessories
383,Rush Hierlooms Collection Rich Wood Bookcases,Furniture,Bookcases
384,Acme Galleria¨ Hot Forged Steel Scissors with Colored Handles,Office Supplies,"Scissors, Rulers and Trimmers"
385,Bevis Rectangular Conference Tables,Furniture,Tables
386,Avery 487,Office Supplies,Labels
387,Ibico EB-19 Dual Function Manual Binding System,Office Supplies,Binders and Binder Accessories
388,Avery 496,Office Supplies,Labels
389,Crayola Colored Pencils,Office Supplies,Pens & Art Supplies
390,Universal Premium White Copier/Laser Paper (20Lb. and 87 Bright),Office Supplies,Paper
391,Kensington 6 Outlet SmartSocket Surge Protector,Office Supplies,Appliances
392,Xerox 1910,Office Supplies,Paper
393,Hewlett-Packard Deskjet 6122 Color Inkjet Printer,Technology,Office Machines
394,"Sony MFD2HD Formatted Diskettes, 10/Pack",Technology,Computer Peripherals
395,Hon 4060 Series Tables,Furniture,Tables
396,Accessory32,Technology,Telephones and Communication
397,"C-Line Peel & Stick Add-On Filing Pockets, 8-3/4 x 5-1/8, 10/Pack",Office Supplies,Binders and Binder Accessories
398,Staples Battery-Operated Desktop Pencil Sharpener,Office Supplies,Pens & Art Supplies
399,Anderson Hickey Conga Table Tops & Accessories,Furniture,Tables
400,"Atlantic Metals Mobile 5-Shelf Bookcases, Custom Colors",Furniture,Bookcases
401,Belkin F5C206VTEL 6 Outlet Surge,Office Supplies,Appliances
402,Hon 61000 Series Interactive Training Tables,Furniture,Tables
403,Staples Gold Paper Clips,Office Supplies,Rubber Bands
404,Accohide Poly Flexible Ring Binders,Office Supplies,Binders and Binder Accessories
405,"Career Cubicle Clock, 8 1/4"", Black",Furniture,Office Furnishings
406,#10 Self-Seal White Envelopes,Office Supplies,Envelopes
407,9-3/4 Diameter Round Wall Clock,Furniture,Office Furnishings
408,"While You Were Out Pads, 50 per Pad, 4 x 5 1/4, Green Cycle",Office Supplies,Paper
409,Avery 49,Office Supplies,Labels
410,Office Impressions Heavy Duty Welded Shelving & Multimedia Storage Drawers,Office Supplies,Storage & Organization
411,"3M Polarizing Task Lamp with Clamp Arm, Light Gray",Furniture,Office Furnishings
412,Office Star - Professional Matrix Back Chair with 2-to-1 Synchro Tilt and Mesh Fabric Seat,Furniture,Chairs & Chairmats
413,"Adams Telephone Message Books, 5 1/4Ó x 11Ó",Office Supplies,Paper
414,Global Enterprise Series Seating High-Back Swivel/Tilt Chairs,Furniture,Chairs & Chairmats
415,Lexmark Z55se Color Inkjet Printer,Technology,Office Machines
416,"Carina Mini System Audio Rack, Model AR050B",Office Supplies,Storage & Organization
417,Harmony HEPA Quiet Air Purifiers,Office Supplies,Appliances
418,Smead Adjustable Mobile File Trolley with Lockable Top,Office Supplies,Storage & Organization
419,"Imation 3.5"" IBM-Formatted Diskettes, 10/Pack",Technology,Computer Peripherals
420,Xerox 1992,Office Supplies,Paper
421,SC7868i,Technology,Telephones and Communication
422,Ultra Door Pull Handle,Furniture,Office Furnishings
423,Desktop 3-Pocket Hot File¨,Office Supplies,Storage & Organization
424,Avery 52,Office Supplies,Labels
425,Southworth Structures Collectionª,Office Supplies,Paper
426,R289LX,Technology,Telephones and Communication
427,Canon imageCLASS 2200 Advanced Copier,Technology,Copiers and Fax
428,O'Sullivan Living Dimensions 3-Shelf Bookcases,Furniture,Bookcases
429,"Eldon Expressionsª Desk Accessory, Wood Pencil Holder, Oak",Furniture,Office Furnishings
430,Newell 314,Office Supplies,Pens & Art Supplies
431,Xerox 1895,Office Supplies,Paper
432,"GE 48"" Fluorescent Tube, Cool White Energy Saver, 34 Watts, 30/Box",Furniture,Office Furnishings
433,"Deflect-o EconoMat Nonstudded, No Bevel Mat",Furniture,Office Furnishings
434,"Acco Four Pocket Poly Ring Binder with Label Holder, Smoke, 1""",Office Supplies,Binders and Binder Accessories
435,Hoover¨ Commercial Lightweight Upright Vacuum,Office Supplies,Appliances
436,Xerox 191,Office Supplies,Paper
437,Xerox 1929,Office Supplies,Paper
438,"Elite 5"" Scissors",Office Supplies,"Scissors, Rulers and Trimmers"
439,282,Technology,Telephones and Communication
440,Xerox 198,Office Supplies,Paper
441,4009¨ Highlighters by Sanford,Office Supplies,Pens & Art Supplies
442,Sterilite Officeware Hinged File Box,Office Supplies,Storage & Organization
443,Binder Posts,Office Supplies,Binders and Binder Accessories
444,Xerox 1989,Office Supplies,Paper
445,Berol Giant Pencil Sharpener,Office Supplies,Pens & Art Supplies
446,Belkin 8 Outlet SurgeMaster II Gold Surge Protector,Office Supplies,Appliances
447,Fellowes Recycled Storage Drawers,Office Supplies,Storage & Organization
448,Staples Surge Protector 6 outlet,Office Supplies,Appliances
449,"Acco PRESSTEX¨ Data Binder with Storage Hooks, Dark Blue, 9 1/2"" X 11""",Office Supplies,Binders and Binder Accessories
450,"Tensor ""Hersey Kiss"" Styled Floor Lamp",Furniture,Office Furnishings
451,Eldon¨ Gobal File Keepers,Office Supplies,Storage & Organization
452,Canon Image Class D660 Copier,Technology,Copiers and Fax
453,Gyration RF Keyboard,Technology,Computer Peripherals
454,Howard Miller 12-3/4 Diameter Accuwave DS ª Wall Clock,Furniture,Office Furnishings
455,SAFCO Folding Chair Trolley,Furniture,Chairs & Chairmats
456,Newell 335,Office Supplies,Pens & Art Supplies
457,Accessory2,Technology,Telephones and Communication
458,"Hon Metal Bookcases, Black",Furniture,Bookcases
459,"Lesro Round Back Collection Coffee Table, End Table",Furniture,Tables
460,3M Organizer Strips,Office Supplies,Binders and Binder Accessories
461,"Hewlett-Packard cp1700 [D, PS] Series Color Inkjet Printers",Technology,Office Machines
462,V2397,Technology,Telephones and Communication
463,Home/Office Personal File Carts,Office Supplies,Storage & Organization
464,Project Tote Personal File,Office Supplies,Storage & Organization
465,Avery Hole Reinforcements,Office Supplies,Binders and Binder Accessories
466,Prismacolor Color Pencil Set,Office Supplies,Pens & Art Supplies
467,"DS/HD IBM Formatted Diskettes, 10/Pack - Staples",Technology,Computer Peripherals
468,Avery 510,Office Supplies,Labels
469,"Staples Vinyl Coated Paper Clips, 800/Box",Office Supplies,Rubber Bands
470,Newell 351,Office Supplies,Pens & Art Supplies
471,"Mead 1st Gear 2"" Zipper Binder, Asst. Colors",Office Supplies,Binders and Binder Accessories
472,Fellowes PB300 Plastic Comb Binding Machine,Office Supplies,Binders and Binder Accessories
473,"Tyvek ¨ Top-Opening Peel & Seel ¨ Envelopes, Gray",Office Supplies,Envelopes
474,*Staples* Letter Opener,Office Supplies,"Scissors, Rulers and Trimmers"
475,Hon 4070 Series Pagodaª Armless Upholstered Stacking Chairs,Furniture,Chairs & Chairmats
476,Hon Valutaskª Swivel Chairs,Furniture,Chairs & Chairmats
477,Sharp EL500L Fraction Calculator,Technology,Office Machines
478,"BOSTON¨ Ranger¨ #55 Pencil Sharpener, Black",Office Supplies,Pens & Art Supplies
479,Avery Self-Adhesive Photo Pockets for Polaroid Photos,Office Supplies,Binders and Binder Accessories
480,VTech VT20-2481 2.4GHz Two-Line Phone System w/Answering Machine,Technology,Telephones and Communication
481,Eldon Radial Chair Mat for Low to Medium Pile Carpets,Furniture,Office Furnishings
482,Trimflexª Flexible Post Binders,Office Supplies,Binders and Binder Accessories
483,"Blue String-Tie & Button Interoffice Envelopes, 10 x 13",Office Supplies,Envelopes
484,Acco 3-Hole Punch,Office Supplies,Binders and Binder Accessories
485,Honeywell Enviracaire¨ Portable Air Cleaner for up to 8 x 10 Room,Office Supplies,Appliances
486,GBC Plastic Binding Combs,Office Supplies,Binders and Binder Accessories
487,"DAX Metal Frame, Desktop, Stepped-Edge",Furniture,Office Furnishings
488,V3682,Technology,Telephones and Communication
489,Unpadded Memo Slips,Office Supplies,Paper
490,Eldon Image Series Black Desk Accessories,Furniture,Office Furnishings
491,"Safco Value Mate Steel Bookcase, Baked Enamel Finish on Steel, Black",Furniture,Bookcases
492,Xerox 1920,Office Supplies,Paper
493,Bevis Round Conference Table Top & Single Column Base,Furniture,Tables
494,"Howard Miller 13"" Diameter Goldtone Round Wall Clock",Furniture,Office Furnishings
495,"Adams Write n' Stick Phone Message Book, 11"" X 5 1/4"", 200 Messages",Office Supplies,Paper
496,"Staples Wirebound Steno Books, 6"" x 9"", 12/Pack",Office Supplies,Paper
497,Holmes Harmony HEPA Air Purifier for 17 x 20 Room,Office Supplies,Appliances
498,Xerox 197,Office Supplies,Paper
499,"Global Push Button Manager's Chair, Indigo",Furniture,Chairs & Chairmats
500,"Important Message Pads, 50 4-1/4 x 5-1/2 Forms per Pad",Office Supplies,Paper
501,JM Magazine Binder,Office Supplies,Binders and Binder Accessories
502,Space Solutionsª Industrial Galvanized Steel Shelving.,Office Supplies,Storage & Organization
503,"Telephone Message Books with Fax/Mobile Section, 4 1/4"" x 6""",Office Supplies,Paper
504,"Seth Thomas 13 1/2"" Wall Clock",Furniture,Office Furnishings
505,White GlueTop Scratch Pads,Office Supplies,Paper
506,"Master Big Foot¨ Doorstop, Beige",Furniture,Office Furnishings
507,Xerox 1954,Office Supplies,Paper
508,"Wirebound Service Call Books, 5 1/2"" x 4""",Office Supplies,Paper
509,Staples Bulldog Clip,Office Supplies,Rubber Bands
510,KH 688,Technology,Telephones and Communication
511,Maxell DVD-RAM Discs,Technology,Computer Peripherals
512,DAX Solid Wood Frames,Furniture,Office Furnishings
513,Verbatim 4.7GB DVD-R,Technology,Computer Peripherals
514,Acco Smartsocket¨ Color-Coded Six-Outlet AC Adapter Model Surge Protectors,Office Supplies,Appliances
515,Xerox 1973,Office Supplies,Paper
516,"Electrix Incandescent Magnifying Lamp, Black",Furniture,Office Furnishings
517,Standard Lineª ÒWhile You Were OutÓ Hardbound Telephone Message Book,Office Supplies,Paper
518,X-Rackª File for Hanging Folders,Office Supplies,Storage & Organization
519,"#10 White Business Envelopes,4 1/8 x 9 1/2",Office Supplies,Envelopes
520,Newell 307,Office Supplies,Pens & Art Supplies
521,G.E. Longer-Life Indoor Recessed Floodlight Bulbs,Furniture,Office Furnishings
522,"Fiskars 8"" Scissors, 2/Pack",Office Supplies,"Scissors, Rulers and Trimmers"
523,Economy Rollaway Files,Office Supplies,Storage & Organization
524,"O'Sullivan Elevations Bookcase, Cherry Finish",Furniture,Bookcases
525,Avery Hi-Liter Pen Style Six-Color Fluorescent Set,Office Supplies,Pens & Art Supplies
526,Office Star - Task Chair with Contemporary Loop Arms,Furniture,Chairs & Chairmats
527,Bretford CR4500 Series Slim Rectangular Table,Furniture,Tables
528,Newell 346,Office Supplies,Pens & Art Supplies
529,Novimex Fabric Task Chair,Furniture,Chairs & Chairmats
530,Microsoft Multimedia Keyboard,Technology,Computer Peripherals
531,"Rubbermaid ClusterMat Chairmats, Mat Size- 66"" x 60"", Lip 20"" x 11"" -90 Degree Angle",Furniture,Office Furnishings
532,Colored Push Pins,Office Supplies,Rubber Bands
533,StarTAC Series,Technology,Telephones and Communication
534,"SAFCO Mobile Desk Side File, Wire Frame",Office Supplies,Storage & Organization
535,"Sharp EL501VB Scientific Calculator, Battery Operated, 10-Digit Display, Hard Case",Technology,Office Machines
536,UniKeepª View Case Binders,Office Supplies,Binders and Binder Accessories
537,Heavy-Duty E-Z-D¨ Binders,Office Supplies,Binders and Binder Accessories
538,Epson LQ-570e Dot Matrix Printer,Technology,Office Machines
539,"Memorex 80 Minute CD-R, 30/Pack",Technology,Computer Peripherals
540,Flat Face Poster Frame,Furniture,Office Furnishings
541,Eureka Disposable Bags for Sanitaire¨ Vibra Groomer I¨ Upright Vac,Office Supplies,Appliances
542,5185,Technology,Telephones and Communication
543,Xerox 1885,Office Supplies,Paper
544,"Quartet Omega¨ Colored Chalk, 12/Pack",Office Supplies,Pens & Art Supplies
545,Steel Personal Filing/Posting Tote,Office Supplies,Storage & Organization
546,Acme¨ Elite Stainless Steel Scissors,Office Supplies,"Scissors, Rulers and Trimmers"
547,Epson DFX-8500 Dot Matrix Printer,Technology,Office Machines
548,"Acme Hot Forged Carbon Steel Scissors with Nickel-Plated Handles, 3 7/8"" Cut, 8""L",Office Supplies,"Scissors, Rulers and Trimmers"
549,"DAX Copper Panel Document Frame, 5 x 7 Size",Furniture,Office Furnishings
550,Staples SlimLine Pencil Sharpener,Office Supplies,Pens & Art Supplies
551,T18,Technology,Telephones and Communication
552,"Executive Impressions 13-1/2"" Indoor/Outdoor Wall Clock",Furniture,Office Furnishings
553,Newell 323,Office Supplies,Pens & Art Supplies
554,Eldon Wave Desk Accessories,Furniture,Office Furnishings
555,Chromcraft Rectangular Conference Tables,Furniture,Tables
556,Xerox 1971,Office Supplies,Paper
557,Xerox 4200 Series MultiUse Premium Copy Paper (20Lb. and 84 Bright),Office Supplies,Paper
558,Martin Yale Chadless Opener Electric Letter Opener,Office Supplies,"Scissors, Rulers and Trimmers"
559,Prang Dustless Chalk Sticks,Office Supplies,Pens & Art Supplies
560,Belkin 8 Outlet SurgeMaster II Gold Surge Protector with Phone Protection,Office Supplies,Appliances
561,AT&T 1430 2.4GHz Analog Phone w/Caller ID,Technology,Office Machines
562,"Memorex 'Cool' 80 Minute CD-R Spindle, 25/Pack",Technology,Computer Peripherals
563,Cardinal Holdit Business Card Pockets,Office Supplies,Binders and Binder Accessories
564,Avery 508,Office Supplies,Labels
565,Xerox 199,Office Supplies,Paper
566,"Avery Trapezoid Extra Heavy Duty 4"" Binders",Office Supplies,Binders and Binder Accessories
567,"Advantus Employee of the Month Certificate Frame, 11 x 13-1/2",Furniture,Office Furnishings
568,Belkin 8 Outlet Surge Protector,Office Supplies,Appliances
569,Brown Kraft Recycled Envelopes,Office Supplies,Envelopes
570,252,Technology,Telephones and Communication
571,Self-Adhesive Address Labels for Typewriters by Universal,Office Supplies,Labels
572,"Post-it¨ ÒImportant MessageÓ Note Pad, Neon Colors, 50 Sheets/Pad",Office Supplies,Paper
573,Surelockª Post Binders,Office Supplies,Binders and Binder Accessories
574,"Dixon Ticonderoga Core-Lock Colored Pencils, 48-Color Set",Office Supplies,Pens & Art Supplies
575,Bretford CR8500 Series Meeting Room Furniture,Furniture,Tables
576,5180,Technology,Telephones and Communication
577,Avery Printable Repositionable Plastic Tabs,Office Supplies,Binders and Binder Accessories
578,Fellowes Staxonsteel¨ Drawer Files,Office Supplies,Storage & Organization
579,Nu-Dell Executive Frame,Furniture,Office Furnishings
580,Xerox 1881,Office Supplies,Paper
581,Xerox 19,Office Supplies,Paper
582,636,Technology,Telephones and Communication
583,Hewlett-Packard Deskjet 5550 Color Inkjet Printer,Technology,Office Machines
584,Balt Solid Wood Rectangular Table,Furniture,Tables
585,"Bush Westfield Collection Bookcases, Dark Cherry Finish, Fully Assembled",Furniture,Bookcases
586,Eldon Executive Woodline II Cherry Finish Desk Accessories,Furniture,Office Furnishings
587,Advantus Panel Wall Acrylic Frame,Furniture,Office Furnishings
588,Xerox 1984,Office Supplies,Paper
589,Wilson Jones Custom Binder Spines & Labels,Office Supplies,Binders and Binder Accessories
590,Sharp 1540cs Digital Laser Copier,Technology,Copiers and Fax
591,Boston 16801 Nautilusª Battery Pencil Sharpener,Office Supplies,Pens & Art Supplies
592,"Acco PRESSTEX¨ Data Binder with Storage Hooks, Dark Blue, 14 7/8"" X 11""",Office Supplies,Binders and Binder Accessories
593,"1/4 Fold Party Design Invitations & White Envelopes, 24 8-1/2"" X 11"" Cards, 25 Env./Pack",Office Supplies,Paper
594,"Iris¨ 3-Drawer Stacking Bin, Black",Office Supplies,Storage & Organization
595,Logitech Cordless Access Keyboard,Technology,Computer Peripherals
596,Boston 1730 StandUp Electric Pencil Sharpener,Office Supplies,Pens & Art Supplies
597,"Eldon¨ 400 Classª Desk Accessories, Black Carbon",Furniture,Office Furnishings
598,Letter Slitter,Office Supplies,"Scissors, Rulers and Trimmers"
599,Avery Legal 4-Ring Binder,Office Supplies,Binders and Binder Accessories
600,"Eldon Regeneration Recycled Desk Accessories, Smoke",Furniture,Office Furnishings
601,Okidata ML390 Turbo Dot Matrix Printers,Technology,Office Machines
602,Global Leather Executive Chair,Furniture,Chairs & Chairmats
603,"Brites Rubber Bands, 1 1/2 oz. Box",Office Supplies,Rubber Bands
604,PC Concepts 116 Key Quantum 3000 Keyboard,Technology,Computer Peripherals
605,DMI Eclipse Executive Suite Bookcases,Furniture,Bookcases
606,3285,Technology,Telephones and Communication
607,"Imation IBM Formatted Diskettes, 100/Pack",Technology,Computer Peripherals
608,Multimedia Mailers,Office Supplies,Envelopes
609,"AT&T Black Trimline Phone, Model 210",Technology,Office Machines
610,Logitech Cordless Keyboard,Technology,Computer Peripherals
611,Xerox 1959,Office Supplies,Paper
612,Accessory27,Technology,Telephones and Communication
613,Hon Rectangular Conference Tables,Furniture,Tables
614,Fellowes Officewareª Wire Shelving,Office Supplies,Storage & Organization
615,US Robotics 56K V.92 Internal PCI Faxmodem,Technology,Computer Peripherals
616,Carina Double Wide Media Storage Towers in Natural & Black,Office Supplies,Storage & Organization
617,"Memorex 4.7GB DVD+RW, 3/Pack",Technology,Computer Peripherals
618,Kensington 6 Outlet MasterPiece¨ HOMEOFFICE Power Control Center,Office Supplies,Appliances
619,GBC DocuBind P100 Manual Binding Machine,Office Supplies,Binders and Binder Accessories
620,"Tennsco Snap-Together Open Shelving Units, Starter Sets and Add-On Units",Office Supplies,Storage & Organization
621,Staples Colored Interoffice Envelopes,Office Supplies,Envelopes
622,Panasonic KP-350BK Electric Pencil Sharpener with Auto Stop,Office Supplies,Pens & Art Supplies
623,Portable Personal File Box,Office Supplies,Storage & Organization
624,Xerox 1928,Office Supplies,Paper
625,"Advantus 10-Drawer Portable Organizer, Chrome Metal Frame, Smoke Drawers",Office Supplies,Storage & Organization
626,Binder Clips by OIC,Office Supplies,Rubber Bands
627,SAFCO Optional Arm Kit for Workspace¨ Cribbage Stacking Chair,Furniture,Chairs & Chairmats
628,Xerox 1896,Office Supplies,Paper
629,"Acco Clips to Goª Binder Clips, 24 Clips in Two Sizes",Office Supplies,Rubber Bands
630,"Carina 42""Hx23 3/4""W Media Storage Unit",Office Supplies,Storage & Organization
631,Targus USB Numeric Keypad,Technology,Computer Peripherals
632,Electrix Halogen Magnifier Lamp,Furniture,Office Furnishings
633,"White Business Envelopes with Contemporary Seam, Recycled White Business Envelopes",Office Supplies,Envelopes
634,Dana Halogen Swing-Arm Architect Lamp,Furniture,Office Furnishings
635,Xerox 2,Office Supplies,Paper
636,"Premium Writing Pencils, Soft, #2 by Central Association for the Blind",Office Supplies,Pens & Art Supplies
637,"Fellowes Premier Superior Surge Suppressor, 10-Outlet, With Phone and Remote",Office Supplies,Appliances
638,"Eldon¨ Expressionsª Wood Desk Accessories, Oak",Furniture,Office Furnishings
639,V66,Technology,Telephones and Communication
640,Xerox Blank Computer Paper,Office Supplies,Paper
641,"Bevis Round Bullnose 29"" High Table Top",Furniture,Tables
642,Newell 309,Office Supplies,Pens & Art Supplies
643,"Wirebound Message Forms, Four 2 3/4 x 5 Forms per Page, Pink Paper",Office Supplies,Paper
644,SANFORD Major Accentª Highlighters,Office Supplies,Pens & Art Supplies
645,Logitech Access Keyboard,Technology,Computer Peripherals
646,"Executive Impressions 12"" Wall Clock",Furniture,Office Furnishings
647,"Imation Neon Mac Format Diskettes, 10/Pack",Technology,Computer Peripherals
648,270c,Technology,Telephones and Communication
649,"Imation 3.5"", RTS 247544 3M 3.5 DSDD, 10/Pack",Technology,Computer Peripherals
650,"Sony IBM Color Diskettes, 25/Pack",Technology,Computer Peripherals
651,"Imation Primaris 3.5"" 2HD Unformatted Diskettes, 10/Pack",Technology,Computer Peripherals
652,"Acco Pressboard Covers with Storage Hooks, 14 7/8"" x 11"", Light Blue",Office Supplies,Binders and Binder Accessories
653,3M Polarizing Light Filter Sleeves,Furniture,Office Furnishings
654,Avery Durable Binders,Office Supplies,Binders and Binder Accessories
655,Kensington 7 Outlet MasterPiece¨ HOMEOFFICE Power Control Center,Office Supplies,Appliances
656,Kensington 4 Outlet MasterPiece¨ Compact Power Control Center,Office Supplies,Appliances
657,"""While you Were Out"" Message Book, One Form per Page",Office Supplies,Paper
658,Fellowes Bankers Boxª Stor/Drawer¨ Steel Plusª,Office Supplies,Storage & Organization
659,"TOPS Money Receipt Book, Consecutively Numbered in Red,",Office Supplies,Paper
660,Okidata ML184 Turbo Dot Matrix Printers,Technology,Office Machines
661,O'Sullivan 2-Shelf Heavy-Duty Bookcases,Furniture,Bookcases
662,Plymouth Boxed Rubber Bands by Plymouth,Office Supplies,Rubber Bands
663,Newell 315,Office Supplies,Pens & Art Supplies
664,GBC DocuBind 200 Manual Binding Machine,Office Supplies,Binders and Binder Accessories
665,"Pressboard Data Binder, Crimson, 12"" X 8 1/2""",Office Supplies,Binders and Binder Accessories
666,2190,Technology,Telephones and Communication
667,Cardinal Poly Pocket Divider Pockets for Ring Binders,Office Supplies,Binders and Binder Accessories
668,"GE 4 Foot Flourescent Tube, 40 Watt",Furniture,Office Furnishings
669,"Avery 05222 Permanent Self-Adhesive File Folder Labels for Typewriters, on Rolls, White, 250/Roll",Office Supplies,Labels
670,7160,Technology,Telephones and Communication
671,"#10- 4 1/8"" x 9 1/2"" Security-Tint Envelopes",Office Supplies,Envelopes
672,Xerox 196,Office Supplies,Paper
673,Xerox 1932,Office Supplies,Paper
674,Tuff Stuffª Recycled Round Ring Binders,Office Supplies,Binders and Binder Accessories
675,"Wirebound Message Books, 2 7/8"" x 5"", 3 Forms per Page",Office Supplies,Paper
676,TIMEPORT P8767,Technology,Telephones and Communication
677,Xerox 1963,Office Supplies,Paper
678,"Avery Hi-Liter¨ EverBoldª Pen Style Fluorescent Highlighters, 4/Pack",Office Supplies,Pens & Art Supplies
679,Bagged Rubber Bands,Office Supplies,Rubber Bands
680,"Lifetime Advantageª Folding Chairs, 4/Carton",Furniture,Chairs & Chairmats
681,Staples 6 Outlet Surge,Office Supplies,Appliances
682,Fellowes Bases and Tops For Staxonsteel¨/High-Stak¨ Systems,Office Supplies,Storage & Organization
683,"GBC Laser Imprintable Binding System Covers, Desert Sand",Office Supplies,Binders and Binder Accessories
684,GBC Wire Binding Strips,Office Supplies,Binders and Binder Accessories
685,Accessory4,Technology,Telephones and Communication
686,Avery 484,Office Supplies,Labels
687,Eldon Simplefile¨ Box Office¨,Office Supplies,Storage & Organization
688,Belkin MediaBoard 104- Keyboard,Technology,Computer Peripherals
689,Riverleaf Stik-Withit¨ Designer Note Cubes¨,Office Supplies,Paper
690,"GBC Prepunched Paper, 19-Hole, for Binding Systems, 24-lb",Office Supplies,Binders and Binder Accessories
691,"Message Book, Standard Line ""While You Were Out"", 5 1/2"" X 4"", 200 Sets/Book",Office Supplies,Paper
692,Eldon Shelf Saversª Cubes and Bins,Office Supplies,Storage & Organization
693,"Recycled Interoffice Envelopes with String and Button Closure, 10 x 13",Office Supplies,Envelopes
694,Ames Color-File¨ Green Diamond Border X-ray Mailers,Office Supplies,Envelopes
695,GBC Therma-A-Bind 250T Electric Binding System,Office Supplies,Binders and Binder Accessories
696,OIC Thumb-Tacks,Office Supplies,Rubber Bands
697,Xerox 1934,Office Supplies,Paper
698,Newell 327,Office Supplies,Pens & Art Supplies
699,"Chromcraft 48"" x 96"" Racetrack Double Pedestal Table",Furniture,Tables
700,Hon Olson Stacker Stools,Furniture,Chairs & Chairmats
701,"Wilson Jones 1"" Hanging DublLock¨ Ring Binders",Office Supplies,Binders and Binder Accessories
702,Telescoping Adjustable Floor Lamp,Furniture,Office Furnishings
703,Hon 4070 Series Pagodaª Round Back Stacking Chairs,Furniture,Chairs & Chairmats
704,US Robotics 56K V.92 External Faxmodem,Technology,Computer Peripherals
705,Boston 16765 Mini Stand Up Battery Pencil Sharpener,Office Supplies,Pens & Art Supplies
706,Holmes 99% HEPA Air Purifier,Office Supplies,Appliances
707,"Hot File¨ 7-Pocket, Floor Stand",Office Supplies,Storage & Organization
708,Eldon Jumbo ProFileª Portable File Boxes Graphite/Black,Office Supplies,Storage & Organization
709,Nu-Form 106-Key Ergonomic Keyboard w/ Touchpad,Technology,Computer Peripherals
710,Phone 918,Technology,Telephones and Communication
711,Xerox 1891,Office Supplies,Paper
712,Tennsco Regal Shelving Units,Office Supplies,Storage & Organization
713,"Chromcraft Bull-Nose Wood Round Conference Table Top, Wood Base",Furniture,Tables
714,Hon 2111 Invitationª Series Corner Table,Furniture,Tables
715,Gyration Ultra Cordless Optical Suite,Technology,Computer Peripherals
716,"Avery¨ Durable Plastic 1"" Binders",Office Supplies,Binders and Binder Accessories
717,Xerox 1930,Office Supplies,Paper
718,"Tennsco Lockers, Gray",Office Supplies,Storage & Organization
719,"Tenex Carpeted, Granite-Look or Clear Contemporary Contour Shape Chair Mats",Furniture,Office Furnishings
720,O'Sullivan 3-Shelf Heavy-Duty Bookcases,Furniture,Bookcases
721,Hewlett-Packard Deskjet 940 REFURBISHED Color Inkjet Printer,Technology,Office Machines
722,Xerox 214,Office Supplies,Paper
723,Bush Advantage Collection¨ Round Conference Table,Furniture,Tables
724,Adesso Programmable 142-Key Keyboard,Technology,Computer Peripherals
725,2300 Heavy-Duty Transfer File Systems by Perma,Office Supplies,Storage & Organization
726,Keytronic French Keyboard,Technology,Computer Peripherals
727,Hoover Commercial Soft Guard Upright Vacuum And Disposable Filtration Bags,Office Supplies,Appliances
728,Holmes Odor Grabber,Office Supplies,Appliances
729,Office Star Flex Back Scooter Chair with White Frame,Furniture,Chairs & Chairmats
730,Avery 485,Office Supplies,Labels
731,Honeywell Enviracaire¨ Portable HEPA Air Cleaner for up to 10 x 16 Room,Office Supplies,Appliances
732,Staples¨ General Use 3-Ring Binders,Office Supplies,Binders and Binder Accessories
733,Fellowes Mighty 8 Compact Surge Protector,Office Supplies,Appliances
734,Peel-Off¨ China Markers,Office Supplies,Pens & Art Supplies
735,3M Office Air Cleaner,Office Supplies,Appliances
736,DAX Natural Wood-Tone Poster Frame,Furniture,Office Furnishings
737,Advantus Plastic Paper Clips,Office Supplies,Rubber Bands
738,Hewlett Packard 6S Scientific Calculator,Technology,Office Machines
739,Xerox 1986,Office Supplies,Paper
740,Boston KS Multi-Size Manual Pencil Sharpener,Office Supplies,Pens & Art Supplies
741,"Rediform Wirebound ""Phone Memo"" Message Book, 11 x 5-3/4",Office Supplies,Paper
742,"Avery 4027 File Folder Labels for Dot Matrix Printers, 5000 Labels per Box, White",Office Supplies,Labels
743,MicroTAC 650,Technology,Telephones and Communication
744,O'Sullivan Living Dimensions 2-Shelf Bookcases,Furniture,Bookcases
745,"Imation 3.5"" DS/HD IBM Formatted Diskettes, 50/Pack",Technology,Computer Peripherals
746,TDK 4.7GB DVD-R,Technology,Computer Peripherals
747,Canon MP25DIII Desktop Whisper-Quiet Printing Calculator,Technology,Office Machines
748,Fellowes Bankers Boxª Staxonsteel¨ Drawer File/Stacking System,Office Supplies,Storage & Organization
749,Balt Split Level Computer Training Table,Furniture,Tables
750,"Boston Model 1800 Electric Pencil Sharpener, Gray",Office Supplies,Pens & Art Supplies
751,"Acme¨ 8"" Straight Scissors",Office Supplies,"Scissors, Rulers and Trimmers"
752,"Black Print Carbonless Snap-Off¨ Rapid Letter, 8 1/2"" x 7""",Office Supplies,Paper
753,Accessory31,Technology,Telephones and Communication
754,O'Sullivan 4-Shelf Bookcase in Odessa Pine,Furniture,Bookcases
755,Hewlett-Packard 4.7GB DVD+R Discs,Technology,Computer Peripherals
756,Fellowes Stor/Drawer¨ Steel Plusª Storage Drawers,Office Supplies,Storage & Organization
757,Filing/Storage Totes and Swivel Casters,Office Supplies,Storage & Organization
758,Staples Paper Clips,Office Supplies,Rubber Bands
759,"Memorex 4.7GB DVD+R, 3/Pack",Technology,Computer Peripherals
760,Accessory20,Technology,Telephones and Communication
761,Storex Dura Proª Binders,Office Supplies,Binders and Binder Accessories
762,Xerox 231,Office Supplies,Paper
763,Newell 310,Office Supplies,Pens & Art Supplies
764,Electrix 20W Halogen Replacement Bulb for Zoom-In Desk Lamp,Furniture,Office Furnishings
765,"210 Trimline Phone, White",Technology,Office Machines
766,Catalog Binders with Expanding Posts,Office Supplies,Binders and Binder Accessories
767,Xerox 1936,Office Supplies,Paper
768,"Sanford Colorific Colored Pencils, 12/Box",Office Supplies,Pens & Art Supplies
769,"Manila Recycled Extra-Heavyweight Clasp Envelopes, 6"" x 9""",Office Supplies,Envelopes
770,Fellowes Superior 10 Outlet Split Surge Protector,Office Supplies,Appliances
771,"Master Caster Door Stop, Brown",Furniture,Office Furnishings
772,StarTAC ST7762,Technology,Telephones and Communication
773,Wausau Papers Astrobrights¨ Colored Envelopes,Office Supplies,Envelopes
774,Xerox 212,Office Supplies,Paper
775,Magna Visual Magnetic Picture Hangers,Furniture,Office Furnishings
776,Tennsco Commercial Shelving,Office Supplies,Storage & Organization
777,Staples Plastic Wall Frames,Furniture,Office Furnishings
778,Nu-Dell Leatherette Frames,Furniture,Office Furnishings
779,"Advantus Push Pins, Aluminum Head",Office Supplies,Rubber Bands
780,Canon Imageclass D680 Copier / Fax,Technology,Copiers and Fax
781,"GBC White Gloss Covers, Plain Front",Office Supplies,Binders and Binder Accessories
782,Belkin 105-Key Black Keyboard,Technology,Computer Peripherals
783,Avery Binder Labels,Office Supplies,Binders and Binder Accessories
784,Luxo Adjustable Task Clamp Lamp,Furniture,Office Furnishings
785,Staples 1 Part Blank Computer Paper,Office Supplies,Paper
786,"*Staples* vLetter Openers, 2/Pack",Office Supplies,"Scissors, Rulers and Trimmers"
787,"Memorex 80 Minute CD-R Spindle, 100/Pack",Technology,Computer Peripherals
788,"Maxell 3.5"" DS/HD IBM-Formatted Diskettes, 10/Pack",Technology,Computer Peripherals
789,Accessory36,Technology,Telephones and Communication
790,"Decoflex Hanging Personal Folder File, Blue",Office Supplies,Storage & Organization
791,"Staples #10 Laser & Inkjet Envelopes, 4 1/8"" x 9 1/2"", 100/Box",Office Supplies,Envelopes
792,R280,Technology,Telephones and Communication
793,Bevis Steel Folding Chairs,Furniture,Chairs & Chairmats
794,Xerox 1983,Office Supplies,Paper
795,Panasonic KP-310 Heavy-Duty Electric Pencil Sharpener,Office Supplies,Pens & Art Supplies
796,Tyvek¨ Side-Opening Peel & Seel¨ Expanding Envelopes,Office Supplies,Envelopes
797,"Office Star - Contemporary Task Swivel chair with 2-way adjustable arms, Plum",Furniture,Chairs & Chairmats
798,M3682,Technology,Telephones and Communication
799,"Snap-A-Way¨ Black Print Carbonless Speed Message, No Reply Area, Duplicate",Office Supplies,Paper
800,Avery 503,Office Supplies,Labels
801,Global Troyª Executive Leather Low-Back Tilter,Furniture,Chairs & Chairmats
802,"Peel & Seel¨ Recycled Catalog Envelopes, Brown",Office Supplies,Envelopes
803,"Dana Fluorescent Magnifying Lamp, White, 36""",Furniture,Office Furnishings
804,Hewlett-Packard Deskjet 3820 Color Inkjet Printer,Technology,Office Machines
805,Office Star Flex Back Scooter Chair with Aluminum Finish Frame,Furniture,Chairs & Chairmats
806,Tennsco Industrial Shelving,Office Supplies,Storage & Organization
807,Hoover Commercial Lightweight Upright Vacuum with E-Z Emptyª Dirt Cup,Office Supplies,Appliances
808,Avery 497,Office Supplies,Labels
809,SouthWestern Bell FA970 Digital Answering Machine with Time/Day Stamp,Technology,Telephones and Communication
810,"#10-4 1/8"" x 9 1/2"" Premium Diagonal Seam Envelopes",Office Supplies,Envelopes
811,Canon MP100DHII Printing Calculator,Technology,Office Machines
812,"Barricks Non-Folding Utility Table with Steel Legs, Laminate Tops",Furniture,Tables
813,"Cardinal Slant-D¨ Ring Binder, Heavy Gauge Vinyl",Office Supplies,Binders and Binder Accessories
814,"Seth Thomas 12"" Clock w/ Goldtone Case",Furniture,Office Furnishings
815,"Global Deluxe Stacking Chair, Gray",Furniture,Chairs & Chairmats
816,Tensor Computer Mounted Lamp,Furniture,Office Furnishings
817,Global Adaptabilitiesª Conference Tables,Furniture,Tables
818,Staples Pushpins,Office Supplies,Rubber Bands
819,Decoflex Hanging Personal Folder File,Office Supplies,Storage & Organization
820,"Acco Pressboard Covers with Storage Hooks, 14 7/8"" x 11"", Dark Blue",Office Supplies,Binders and Binder Accessories
821,"Eldon Imge¨ Series Desk Accessories, Clear",Furniture,Office Furnishings
822,6162i,Technology,Telephones and Communication
823,"Master Caster Door Stop, Large Neon Orange",Furniture,Office Furnishings
824,Serrated Blade or Curved Handle Hand Letter Openers,Office Supplies,"Scissors, Rulers and Trimmers"
825,BPI Conference Tables,Furniture,Tables
826,Hoover Portapowerª Portable Vacuum,Office Supplies,Appliances
827,"Hon Metal Bookcases, Putty",Furniture,Bookcases
828,Vinyl Sectional Post Binders,Office Supplies,Binders and Binder Accessories
829,Microsoft Internet Keyboard,Technology,Computer Peripherals
830,Southworth 25% Cotton Antique Laid Paper & Envelopes,Office Supplies,Paper
831,SAFCO Arco Folding Chair,Furniture,Chairs & Chairmats
832,"Eldon¨ 200 Classª Desk Accessories, Burgundy",Furniture,Office Furnishings
833,ACCOHIDE¨ Binder by Acco,Office Supplies,Binders and Binder Accessories
834,Avery 506,Office Supplies,Labels
835,Xerox 215,Office Supplies,Paper
836,Fellowes 17-key keypad for PS/2 interface,Technology,Computer Peripherals
837,Acco 6 Outlet Guardian Premium Surge Suppressor,Office Supplies,Appliances
838,Brother DCP1000 Digital 3 in 1 Multifunction Machine,Technology,Copiers and Fax
839,Eureka The Boss¨ Cordless Rechargeable Stick Vac,Office Supplies,Appliances
840,Xerox 1966,Office Supplies,Paper
841,"Executive Impressions 13"" Clairmont Wall Clock",Furniture,Office Furnishings
842,"Multi-Use Personal File Cart and Caster Set, Three Stacking Bins",Office Supplies,Storage & Organization
843,Riverside Furniture Stanwyck Manor Table Series,Furniture,Tables
844,"Dixon Prang¨ Watercolor Pencils, 10-Color Set with Brush",Office Supplies,Pens & Art Supplies
845,8890,Technology,Telephones and Communication
846,"Companion Letter/Legal File, Black",Office Supplies,Storage & Organization
847,8290,Technology,Telephones and Communication
848,"Hon Deluxe Fabric Upholstered Stacking Chairs, Rounded Back",Furniture,Chairs & Chairmats
849,Office Star - Ergonomic Mid Back Chair with 2-Way Adjustable Arms,Furniture,Chairs & Chairmats
850,"Super Bands, 12/Pack",Office Supplies,Rubber Bands
851,StarTAC ST7868,Technology,Telephones and Communication
852,EcoTones¨ Memo Sheets,Office Supplies,Paper
853,Accessory41,Technology,Telephones and Communication
854,Acco Keyboard-In-A-Box¨,Technology,Computer Peripherals
855,LX 677,Technology,Telephones and Communication
856,"#10- 4 1/8"" x 9 1/2"" Recycled Envelopes",Office Supplies,Envelopes
857,Tripp Lite Isotel 8 Ultra 8 Outlet Metal Surge,Office Supplies,Appliances
858,Chromcraft Bull-Nose Wood Oval Conference Tables & Bases,Furniture,Tables
859,StarTAC 7760,Technology,Telephones and Communication
860,"Recycled Desk Saver Line ""While You Were Out"" Book, 5 1/2"" X 4""",Office Supplies,Paper
861,Newell 320,Office Supplies,Pens & Art Supplies
862,Jet-Pak Recycled Peel 'N' Seal Padded Mailers,Office Supplies,Envelopes
863,Epson LQ-870 Dot Matrix Printer,Technology,Office Machines
864,"Adams Telephone Message Book w/Frequently-Called Numbers Space, 400 Messages per Book",Office Supplies,Paper
865,I888 World Phone,Technology,Telephones and Communication
866,Wilson Jones ÒSnapÓ Scratch Pad Binder Tool for Ring Binders,Office Supplies,Binders and Binder Accessories
867,Accessory34,Technology,Telephones and Communication
868,"Riverside Palais Royal Lawyers Bookcase, Royale Cherry Finish",Furniture,Bookcases
869,GBC Standard Therm-A-Bind Covers,Office Supplies,Binders and Binder Accessories
870,Peel & Stick Add-On Corner Pockets,Office Supplies,Binders and Binder Accessories
871,Xerox 217,Office Supplies,Paper
872,Okidata ML591 Wide Format Dot Matrix Printer,Technology,Office Machines
873,"Dixon My First Ticonderoga Pencil, #2",Office Supplies,Pens & Art Supplies
874,"It's Hot Message Books with Stickers, 2 3/4"" x 5""",Office Supplies,Paper
875,Avery Hi-Liter¨ Fluorescent Desk Style Markers,Office Supplies,Pens & Art Supplies
876,"Hunt BOSTON¨ Vista¨ Battery-Operated Pencil Sharpener, Black",Office Supplies,Pens & Art Supplies
877,"Wilson Jones Elliptical Ring 3 1/2"" Capacity Binders, 800 sheets",Office Supplies,Binders and Binder Accessories
878,T61,Technology,Telephones and Communication
879,Eldon Cleatmat¨ Chair Mats for Medium Pile Carpets,Furniture,Office Furnishings
880,"Tenex Personal Filing Tote With Secure Closure Lid, Black/Frost",Office Supplies,Storage & Organization
881,Xerox 213,Office Supplies,Paper
882,Xerox 1988,Office Supplies,Paper
883,Xerox 1892,Office Supplies,Paper
884,"Holmes Replacement Filter for HEPA Air Cleaner, Very Large Room, HEPA Filter",Office Supplies,Appliances
885,Hon 4-Shelf Metal Bookcases,Furniture,Bookcases
886,"Wirebound Message Book, 4 per Page",Office Supplies,Paper
887,"1.7 Cubic Foot Compact ""Cube"" Office Refrigerators",Office Supplies,Appliances
888,GBC VeloBinder Strips,Office Supplies,Binders and Binder Accessories
889,Avery 493,Office Supplies,Labels
890,"Master Giant Foot¨ Doorstop, Safety Yellow",Furniture,Office Furnishings
891,Newell 35,Office Supplies,Pens & Art Supplies
892,"Eldon Expressions Punched Metal & Wood Desk Accessories, Pewter & Cherry",Furniture,Office Furnishings
893,Hunt Boston¨ Vacuum Mount KS Pencil Sharpener,Office Supplies,Pens & Art Supplies
894,Avery 504,Office Supplies,Labels
895,T28 WORLD,Technology,Telephones and Communication
896,Canon P1-DHIII Palm Printing Calculator,Technology,Office Machines
897,Storex DuraTech Recycled Plastic Frosted Binders,Office Supplies,Binders and Binder Accessories
898,Newell 338,Office Supplies,Pens & Art Supplies
899,"Holmes Replacement Filter for HEPA Air Cleaner, Medium Room",Office Supplies,Appliances
900,"Binney & Smith inkTankª Erasable Desk Highlighter, Chisel Tip, Yellow, 12/Box",Office Supplies,Pens & Art Supplies
901,"Acco Pressboard Covers with Storage Hooks, 14 7/8"" x 11"", Executive Red",Office Supplies,Binders and Binder Accessories
902,Hewlett-Packard Deskjet 1220Cse Color Inkjet Printer,Technology,Office Machines
903,StarTAC 7797,Technology,Telephones and Communication
904,Xerox 220,Office Supplies,Paper
905,"Fellowes Smart Surge Ten-Outlet Protector, Platinum",Office Supplies,Appliances
906,Novimex High-Tech Fabric Mesh Task Chair,Furniture,Chairs & Chairmats
907,Eldon Advantage¨ Foldable Chair Mats for Low Pile Carpets,Furniture,Office Furnishings
908,"24 Capacity Maxi Data Binder Racks, Pearl",Office Supplies,Storage & Organization
909,Acme¨ Box Cutter Scissors,Office Supplies,"Scissors, Rulers and Trimmers"
910,"Wirebound Message Books, Four 2 3/4"" x 5"" Forms per Page, 600 Sets per Book",Office Supplies,Paper
911,Xerox 1978,Office Supplies,Paper
912,Wilson Jones Turn Tabs Binder Tool for Ring Binders,Office Supplies,Binders and Binder Accessories
913,Xerox 1904,Office Supplies,Paper
914,Accessory28,Technology,Telephones and Communication
915,Belkin F9M820V08 8 Outlet Surge,Office Supplies,Appliances
916,"Staples Pen Style Liquid Stix; Assorted (yellow, pink, green, blue, orange), 5/Pack",Office Supplies,Pens & Art Supplies
917,"IBM Multi-Purpose Copy Paper, 8 1/2 x 11"", Case",Office Supplies,Paper
918,Lumber Crayons,Office Supplies,Pens & Art Supplies
919,Prang Colored Pencils,Office Supplies,Pens & Art Supplies
920,"Memorex Slim 80 Minute CD-R, 10/Pack",Technology,Computer Peripherals
921,Fuji Slim Jewel Case CD-R,Technology,Computer Peripherals
922,Newell 326,Office Supplies,Pens & Art Supplies
923,Xerox 195,Office Supplies,Paper
924,Bevis 36 x 72 Conference Tables,Furniture,Tables
925,Xerox 1976,Office Supplies,Paper
926,Lexmark 4227 Plus Dot Matrix Printer,Technology,Office Machines
927,Accessory39,Technology,Telephones and Communication
928,Coloredge Poster Frame,Furniture,Office Furnishings
929,i470,Technology,Telephones and Communication
930,"Fellowes Twister Kit, Gray/Clear, 3/pkg",Office Supplies,Binders and Binder Accessories
931,*Staples* Highlighting Markers,Office Supplies,Pens & Art Supplies
932,Holmes HEPA Air Purifier,Office Supplies,Appliances
933,Avery 501,Office Supplies,Labels
934,Dixon Ticonderoga Core-Lock Colored Pencils,Office Supplies,Pens & Art Supplies
935,Space Solutions Commercial Steel Shelving,Office Supplies,Storage & Organization
936,Eldon Pizzazª Desk Accessories,Furniture,Office Furnishings
937,GBC Recycled Grain Textured Covers,Office Supplies,Binders and Binder Accessories
938,Xerox 1922,Office Supplies,Paper
939,"Eureka Recycled Copy Paper 8 1/2"" x 11"", Ream",Office Supplies,Paper
940,"Eureka Sanitaire ¨ Multi-Pro Heavy-Duty Upright, Disposable Bags",Office Supplies,Appliances
941,CF 688,Technology,Telephones and Communication
942,Xerox 23,Office Supplies,Paper
943,"Telephone Message Books with Fax/Mobile Section, 5 1/2"" x 3 3/16""",Office Supplies,Paper
944,36X48 HARDFLOOR CHAIRMAT,Furniture,Office Furnishings
945,Avery 494,Office Supplies,Labels
946,2160,Technology,Telephones and Communication
947,Imation DVD-RAM discs,Technology,Computer Peripherals
948,Panasonic KX-P2130 Dot Matrix Printer,Technology,Office Machines
949,Xerox 1908,Office Supplies,Paper
950,Xerox 1935,Office Supplies,Paper
951,"Dual Level, Single-Width Filing Carts",Office Supplies,Storage & Organization
952,Avery White Multi-Purpose Labels,Office Supplies,Labels
953,Astroparche¨ Fine Business Paper,Office Supplies,Paper
954,U.S. Robotics 56K Internet Call Modem,Technology,Computer Peripherals
955,Fiskars¨ Softgrip Scissors,Office Supplies,"Scissors, Rulers and Trimmers"
956,"Premier Elliptical Ring Binder, Black",Office Supplies,Binders and Binder Accessories
957,Xerox 1994,Office Supplies,Paper
958,"Adams Phone Message Book, 200 Message Capacity, 8 1/16Ó x 11Ó",Office Supplies,Paper
959,Fellowes Neat Ideas¨ Storage Cubes,Office Supplies,Storage & Organization
960,Belkin ErgoBoardª Keyboard,Technology,Computer Peripherals
961,"White Dual Perf Computer Printout Paper, 2700 Sheets, 1 Part, Heavyweight, 20 lbs., 14 7/8 x 11",Office Supplies,Paper
962,Ibico Hi-Tech Manual Binding System,Office Supplies,Binders and Binder Accessories
963,i1000plus,Technology,Telephones and Communication
964,Wilson Jones¨ Four-Pocket Poly Binders,Office Supplies,Binders and Binder Accessories
965,Acco¨ Hot Clipsª Clips to Go,Office Supplies,Rubber Bands
966,3390,Technology,Telephones and Communication
967,6185,Technology,Telephones and Communication
968,Tenex B1-RE Series Chair Mats for Low Pile Carpets,Furniture,Office Furnishings
969,Gyration Ultra Professional Cordless Optical Suite,Technology,Computer Peripherals
970,Boston 1645 Deluxe Heavier-Duty Electric Pencil Sharpener,Office Supplies,Pens & Art Supplies
971,"Verbatim DVD-RAM, 5.2GB, Rewritable, Type 1, DS",Technology,Computer Peripherals
972,"Snap-A-Way¨ Black Print Carbonless Ruled Speed Letter, Triplicate",Office Supplies,Paper
973,Accessory9,Technology,Telephones and Communication
974,Sanford Pocket Accent¨ Highlighters,Office Supplies,Pens & Art Supplies
975,V 3600 Series,Technology,Telephones and Communication
976,Wilson Jones Suede Grain Vinyl Binders,Office Supplies,Binders and Binder Accessories
977,Avery 478,Office Supplies,Labels
978,"Angle-D Binders with Locking Rings, Label Holders",Office Supplies,Binders and Binder Accessories
979,Fellowes Super Stor/Drawer¨ Files,Office Supplies,Storage & Organization
980,"Array¨ Parchment Paper, Assorted Colors",Office Supplies,Paper
981,Bush Advantage Collection¨ Racetrack Conference Table,Furniture,Tables
982,5125,Technology,Telephones and Communication
983,Hon 4700 Series Mobuisª Mid-Back Task Chairs with Adjustable Arms,Furniture,Chairs & Chairmats
984,Southworth 25% Cotton Premium Laser Paper and Envelopes,Office Supplies,Paper
985,TDK 4.7GB DVD+RW,Technology,Computer Peripherals
986,Xerox 1962,Office Supplies,Paper
987,Global Commerceª Series High-Back Swivel/Tilt Chairs,Furniture,Chairs & Chairmats
988,Soundgear TeleForum DX Desktop Conference Phone,Technology,Office Machines
989,"Bush Heritage Pine Collection 5-Shelf Bookcase, Albany Pine Finish, *Special Order",Furniture,Bookcases
990,"80 Minute CD-R Spindle, 100/Pack - Staples",Technology,Computer Peripherals
991,Accessory6,Technology,Telephones and Communication
992,"Adams ""While You Were Out"" Message Pads",Office Supplies,Paper
993,Barrel Sharpener,Office Supplies,Pens & Art Supplies
994,Tripp Lite Isotel 6 Outlet Surge Protector with Fax/Modem Protection,Office Supplies,Appliances
995,Xerox 1998,Office Supplies,Paper
996,"Fellowes Strictly Business¨ Drawer File, Letter/Legal Size",Office Supplies,Storage & Organization
997,Microsoft Natural Keyboard Elite,Technology,Computer Peripherals
998,Xerox 1923,Office Supplies,Paper
999,Newell 31,Office Supplies,Pens & Art Supplies
1000,Accessory21,Technology,Telephones and Communication
1001,Staples 4 Outlet Surge Protector,Office Supplies,Appliances
1002,"Conquestª 14 Commercial Heavy-Duty Upright Vacuum, Collection System, Accessory Kit",Office Supplies,Appliances
1003,Xerox 188,Office Supplies,Paper
1004,Model L Table or Wall-Mount Pencil Sharpener,Office Supplies,Pens & Art Supplies
1005,Newell 333,Office Supplies,Pens & Art Supplies
1006,1726 Digital Answering Machine,Technology,Telephones and Communication
1007,Recycled Eldon Regeneration Jumbo File,Office Supplies,Storage & Organization
1008,"Wilson Jones Ledger-Size, Piano-Hinge Binder, 2"", Blue",Office Supplies,Binders and Binder Accessories
1009,Xerox 1993,Office Supplies,Paper
1010,"Tennsco Lockers, Sand",Office Supplies,Storage & Organization
1011,SC-3160,Technology,Telephones and Communication
1012,DAX Wood Document Frame.,Furniture,Office Furnishings
1013,Prang Drawing Pencil Set,Office Supplies,Pens & Art Supplies
1014,Xerox 216,Office Supplies,Paper
1015,Xerox 204,Office Supplies,Paper
1016,Ibico Presentation Index for Binding Systems,Office Supplies,Binders and Binder Accessories
1017,Ibico Covers for Plastic or Wire Binding Elements,Office Supplies,Binders and Binder Accessories
1018,Avery 507,Office Supplies,Labels
1019,Xerox 1937,Office Supplies,Paper
1020,12 Colored Short Pencils,Office Supplies,Pens & Art Supplies
1021,Xerox 1938,Office Supplies,Paper
1022,Honeywell Quietcare HEPA Air Cleaner,Office Supplies,Appliances
1023,"Sauder Forest Hills Library, Woodland Oak Finish",Furniture,Bookcases
1024,"Iceberg OfficeWorks 42"" Round Tables",Furniture,Tables
1025,Xerox 1991,Office Supplies,Paper
1026,Eldon Antistatic Chair Mats for Low to Medium Pile Carpets,Furniture,Office Furnishings
1027,Hon iLevelª Computer Training Table,Furniture,Tables
1028,"Memorex 4.7GB DVD-RAM, 3/Pack",Technology,Computer Peripherals
1029,Wilson Jones 14 Line Acrylic Coated Pressboard Data Binders,Office Supplies,Binders and Binder Accessories
1030,Eldon Econocleat¨ Chair Mats for Low Pile Carpets,Furniture,Office Furnishings
1031,Hewlett-Packard 2600DN Business Color Inkjet Printer,Technology,Office Machines
1032,Kleencut¨ Forged Office Shears by Acme United Corporation,Office Supplies,"Scissors, Rulers and Trimmers"
1033,"Tenex Contemporary Contur Chairmats for Low and Medium Pile Carpet, Computer, 39"" x 49""",Furniture,Office Furnishings
1034,KI Conference Tables,Furniture,Tables
1035,Bell Sonecor JB700 Caller ID,Technology,Telephones and Communication
1036,Xerox 190,Office Supplies,Paper
1037,Xerox 1950,Office Supplies,Paper
1038,DIXON Ticonderoga¨ Erasable Checking Pencils,Office Supplies,Pens & Art Supplies
1039,"Imation Printable White 80 Minute CD-R Spindle, 50/Pack",Technology,Computer Peripherals
1040,Smead Alpha-Z Color-Coded Name Labels First Letter Starter Set,Office Supplies,Labels
1041,Xerox 1903,Office Supplies,Paper
1042,Hoover WindTunnelª Plus Canister Vacuum,Office Supplies,Appliances
1043,Document Clip Frames,Furniture,Office Furnishings
1044,StarTAC 3000,Technology,Telephones and Communication
1045,Deflect-O¨ Glasstiqueª Clear Desk Accessories,Furniture,Office Furnishings
1046,Iris Project Case,Office Supplies,Storage & Organization
1047,"SAFCO PlanMaster Heigh-Adjustable Drafting Table Base, 43w x 30d x 30-37h, Black",Furniture,Tables
1048,Advantus Rolling Storage Box,Office Supplies,Storage & Organization
1049,"Fellowes Internet Keyboard, Platinum",Technology,Computer Peripherals
1050,"Avery Hi-Liter Comfort Grip Fluorescent Highlighter, Yellow Ink",Office Supplies,Pens & Art Supplies
1051,Okidata ML395C Color Dot Matrix Printer,Technology,Office Machines
1052,GBC DocuBind TL300 Electric Binding System,Office Supplies,Binders and Binder Accessories
1053,Xerox 1927,Office Supplies,Paper
1054,"Tenex Personal Project File with Scoop Front Design, Black",Office Supplies,Storage & Organization
1055,Xerox 1894,Office Supplies,Paper
1056,Accessory13,Technology,Telephones and Communication
1057,"Imation 3.5 IBM Formatted Diskettes, 10/Box",Technology,Computer Peripherals
1058,Newell 343,Office Supplies,Pens & Art Supplies
1059,Accessory37,Technology,Telephones and Communication
1060,StarTAC 6500,Technology,Telephones and Communication
1061,"Bravo IIª Megaboss¨ 12-Amp Hard Body Upright, Replacement Belts, 2 Belts per Pack",Office Supplies,Appliances
1062,"Tyvek Interoffice Envelopes, 9 1/2"" x 12 1/2"", 100/Box",Office Supplies,Envelopes
1063,Rediform S.O.S. Phone Message Books,Office Supplies,Paper
1064,"GBC Pre-Punched Binding Paper, Plastic, White, 8-1/2"" x 11""",Office Supplies,Binders and Binder Accessories
1065,GBC VeloBinder Electric Binding Machine,Office Supplies,Binders and Binder Accessories
1066,"TDK 4.7GB DVD-R Spindle, 15/Pack",Technology,Computer Peripherals
1067,Xerox 1977,Office Supplies,Paper
1068,"Master Caster Door Stop, Gray",Furniture,Office Furnishings
1069,"Eaton Premium Continuous-Feed Paper, 25% Cotton, Letter Size, White, 1000 Shts/Box",Office Supplies,Paper
1070,Flexible Leather- Look Classic Collection Ring Binder,Office Supplies,Binders and Binder Accessories
1071,"Belkin 107-key enhanced keyboard, USB/PS/2 interface",Technology,Computer Peripherals
1072,"Stacking Tray, Side-Loading, Legal, Smoke",Furniture,Office Furnishings
1073,Xerox 1897,Office Supplies,Paper
1074,Sanford 52201 APSCO Electric Pencil Sharpener,Office Supplies,Pens & Art Supplies
1075,Sterling Rubber Bands by Alliance,Office Supplies,Rubber Bands
1076,M70,Technology,Telephones and Communication
1077,GBC Standard Plastic Binding Systems Combs,Office Supplies,Binders and Binder Accessories
1078,Staples Copy Paper (20Lb. and 84 Bright),Office Supplies,Paper
1079,Newell 329,Office Supplies,Pens & Art Supplies
1080,Ampad #10 Peel & Seel¨ Holiday Envelopes,Office Supplies,Envelopes
1081,Accessory25,Technology,Telephones and Communication
1082,Avery Reinforcements for Hole-Punch Pages,Office Supplies,Binders and Binder Accessories
1083,"Acco Recycled 2"" Capacity Laser Printer Hanging Data Binders",Office Supplies,Binders and Binder Accessories
1084,Novimex Turbo Task Chair,Furniture,Chairs & Chairmats
1085,Xerox 1947,Office Supplies,Paper
1086,i1000,Technology,Telephones and Communication
1087,Canon PC1080F Personal Copier,Technology,Copiers and Fax
1088,Global Deluxe High-Back Office Chair in Storm,Furniture,Chairs & Chairmats
1089,"Bevis Round Conference Table Top, X-Base",Furniture,Tables
1090,Fellowes EZ Multi-Media Keyboard,Technology,Computer Peripherals
1091,Avery 51,Office Supplies,Labels
1092,Eldon Expressions Mahogany Wood Desk Collection,Furniture,Office Furnishings
1093,Avery 479,Office Supplies,Labels
1094,Staples Brown Kraft Recycled Clasp Envelopes,Office Supplies,Envelopes
1095,"Lesro Sheffield Collection Coffee Table, End Table, Center Table, Corner Table",Furniture,Tables
1096,Acco D-Ring Binder w/DublLock¨,Office Supplies,Binders and Binder Accessories
1097,5170i,Technology,Telephones and Communication
1098,Canon MP41DH Printing Calculator,Technology,Office Machines
1099,Deluxe Rollaway Locking File with Drawer,Office Supplies,Storage & Organization
1100,T65,Technology,Telephones and Communication
1101,"80 Minute Slim Jewel Case CD-R , 10/Pack - Staples",Technology,Computer Peripherals
1102,Sharp AL-1530CS Digital Copier,Technology,Copiers and Fax
1103,Panasonic KX-P1150 Dot Matrix Printer,Technology,Office Machines
1104,"Wilson Jones Hanging View Binder, White, 1""",Office Supplies,Binders and Binder Accessories
1105,Computer Printout Paper with Letter-Trim Perforations,Office Supplies,Paper
1106,Luxo Professional Combination Clamp-On Lamps,Furniture,Office Furnishings
1107,Belkin OmniView SE Rackmount Kit,Office Supplies,Storage & Organization
1108,SANFORD Liquid Accentª Tank-Style Highlighters,Office Supplies,Pens & Art Supplies
1109,Airmail Envelopes,Office Supplies,Envelopes
1110,LX 788,Technology,Telephones and Communication
1111,Xerox 1939,Office Supplies,Paper
1112,Bevis Boat-Shaped Conference Table,Furniture,Tables
1113,Xerox 1898,Office Supplies,Paper
1114,"Global High-Back Leather Tilter, Burgundy",Furniture,Chairs & Chairmats
1115,Microsoft Natural Multimedia Keyboard,Technology,Computer Peripherals
1116,Xerox 1906,Office Supplies,Paper
1117,"Bush¨ Cubix Conference Tables, Fully Assembled",Furniture,Tables
1118,Keytronic 105-Key Spanish Keyboard,Technology,Computer Peripherals
1119,Bionaire Personal Warm Mist Humidifier/Vaporizer,Office Supplies,Appliances
1120,"Hoover Replacement Belts For Soft Guardª & Commercial Ltweight Upright Vacs, 2/Pk",Office Supplies,Appliances
1121,Ibico Ibimaster 300 Manual Binding System,Office Supplies,Binders and Binder Accessories
1122,Bretford Rectangular Conference Table Tops,Furniture,Tables
1123,T60,Technology,Telephones and Communication
1124,Avery 481,Office Supplies,Labels
1125,5190,Technology,Telephones and Communication
1126,"Executive Impressions 13"" Chairman Wall Clock",Furniture,Office Furnishings
1127,Xerox 1949,Office Supplies,Paper
1128,Array¨ Memo Cubes,Office Supplies,Paper
1129,Avery Hi-Liter¨ Smear-Safe Highlighters,Office Supplies,Pens & Art Supplies
1130,Logitech Cordless Elite Duo,Technology,Computer Peripherals
1131,Office Star - Mid Back Dual function Ergonomic High Back Chair with 2-Way Adjustable Arms,Furniture,Chairs & Chairmats
1132,Canon BP1200DH 12-Digit Bubble Jet Printing Calculator,Technology,Office Machines
1133,"Deflect-o RollaMat Studded, Beveled Mat for Medium Pile Carpeting",Furniture,Office Furnishings
1134,Newell 340,Office Supplies,Pens & Art Supplies
1135,Talkabout T8097,Technology,Telephones and Communication
1136,Okidata Pacemark 4410N Wide Format Dot Matrix Printer,Technology,Office Machines
1137,Avanti 1.7 Cu. Ft. Refrigerator,Office Supplies,Appliances
1138,"Bush Cubix Collection Bookcases, Fully Assembled",Furniture,Bookcases
1139,Xerox 1880,Office Supplies,Paper
1140,Hewlett Packard LaserJet 3310 Copier,Technology,Copiers and Fax
1141,Xerox 1887,Office Supplies,Paper
1142,"Micro Innovations Micro 3000 Keyboard, Black",Technology,Computer Peripherals
1143,Round Ring Binders,Office Supplies,Binders and Binder Accessories
1144,Avery Hanging File Binders,Office Supplies,Binders and Binder Accessories
1145,"Verbatim DVD-R, 3.95GB, SR, Mitsubishi Branded, Jewel",Technology,Computer Peripherals
1146,Avery 498,Office Supplies,Labels
1147,12-1/2 Diameter Round Wall Clock,Furniture,Office Furnishings
1148,Westinghouse Clip-On Gooseneck Lamps,Furniture,Office Furnishings
1149,KF 788,Technology,Telephones and Communication
1150,Bretford ÒJust In TimeÓ Height-Adjustable Multi-Task Work Tables,Furniture,Tables
1151,Xerox 1899,Office Supplies,Paper
1152,Newell 337,Office Supplies,Pens & Art Supplies
1153,Hon 94000 Series Round Tables,Furniture,Tables
1154,"Acme Design Line 8"" Stainless Steel Bent Scissors w/Champagne Handles, 3-1/8"" Cut",Office Supplies,"Scissors, Rulers and Trimmers"
1155,Timeport L7089,Technology,Telephones and Communication
1156,Xerox 227,Office Supplies,Paper
1157,BoxOffice By Design Rectangular and Half-Moon Meeting Room Tables,Furniture,Tables
1158,Iceberg Mobile Mega Data/Printer Cart ¨,Office Supplies,Storage & Organization
1159,TimeportP7382,Technology,Telephones and Communication
1160,Wilson Jones DublLock¨ D-Ring Binders,Office Supplies,Binders and Binder Accessories
1161,Xerox 209,Office Supplies,Paper
1162,"Speediset Carbonless Redi-Letter¨ 7"" x 8 1/2""",Office Supplies,Paper
1163,Newell 312,Office Supplies,Pens & Art Supplies
1164,Xerox 1996,Office Supplies,Paper
1165,"Fellowes Smart Design 104-Key Enhanced Keyboard, PS/2 Adapter, Platinum",Technology,Computer Peripherals
1166,XtraLife¨ ClearVueª Slant-D¨ Ring Binders by Cardinal,Office Supplies,Binders and Binder Accessories
1167,"IBM 80 Minute CD-R Spindle, 50/Pack",Technology,Computer Peripherals
1168,Xerox 1968,Office Supplies,Paper
1169,Acme¨ Preferred Stainless Steel Scissors,Office Supplies,"Scissors, Rulers and Trimmers"
1170,V70,Technology,Telephones and Communication
1171,Xerox 1961,Office Supplies,Paper
1172,Xerox 1982,Office Supplies,Paper
1173,Canon PC940 Copier,Technology,Copiers and Fax
1174,Xerox 193,Office Supplies,Paper
1175,"Sanyo Counter Height Refrigerator with Crisper, 3.6 Cubic Foot, Stainless Steel/Black",Office Supplies,Appliances
1176,Deflect-o DuraMat Antistatic Studded Beveled Mat for Medium Pile Carpeting,Furniture,Office Furnishings
1177,Xerox 200,Office Supplies,Paper
1178,Xerox 1905,Office Supplies,Paper
1179,Xerox 1995,Office Supplies,Paper
1180,Polycom ViewStationª ISDN Videoconferencing Unit,Technology,Office Machines
1181,Belkin 6 Outlet Metallic Surge Strip,Office Supplies,Appliances
1182,Turquoise Lead Holder with Pocket Clip,Office Supplies,Pens & Art Supplies
1183,O'Sullivan 5-Shelf Heavy-Duty Bookcases,Furniture,Bookcases
1184,Xerox 194,Office Supplies,Paper
1185,Xerox 21,Office Supplies,Paper
1186,Acco Suede Grain Vinyl Round Ring Binder,Office Supplies,Binders and Binder Accessories
1187,Xerox 1933,Office Supplies,Paper
1188,"Atlantic Metals Mobile 2-Shelf Bookcases, Custom Colors",Furniture,Bookcases
1189,Advantus Push Pins,Office Supplies,Rubber Bands
1190,"6"" Cubicle Wall Clock, Black",Furniture,Office Furnishings
1191,Accessory29,Technology,Telephones and Communication
1192,"Wirebound Four 2-3/4 x 5 Forms per Page, 400 Sets per Book",Office Supplies,Paper
1193,"Tenex Traditional Chairmats for Medium Pile Carpet, Standard Lip, 36"" x 48""",Furniture,Office Furnishings
1194,GBC ProClickª 150 Presentation Binding System,Office Supplies,Binders and Binder Accessories
1195,"Eldon¨ Expressionsª Wood and Plastic Desk Accessories, Oak",Furniture,Office Furnishings
1196,6160,Technology,Telephones and Communication
1197,600 Series Flip,Technology,Telephones and Communication
1198,Southworth 25% Cotton Linen-Finish Paper & Envelopes,Office Supplies,Paper
1199,Ultra Commercial Grade Dual Valve Door Closer,Furniture,Office Furnishings
1200,Canon PC-428 Personal Copier,Technology,Copiers and Fax
1201,Xerox 210,Office Supplies,Paper
1202,Newell 342,Office Supplies,Pens & Art Supplies
1203,688,Technology,Telephones and Communication
1204,Deflect-o Glass Clear Studded Chair Mats,Furniture,Office Furnishings
1205,"IBM Numeric Access II Keypad, 17-Key, Black",Technology,Computer Peripherals
1206,"Maxell Pro 80 Minute CD-R, 10/Pack",Technology,Computer Peripherals
1207,"Imation 3.5"", DISKETTE 44766 HGHLD3.52HD/FM, 10/Pack",Technology,Computer Peripherals
1208,6340,Technology,Telephones and Communication
1209,Polycom ViewStationª Adapter H323 Videoconferencing Unit,Technology,Office Machines
1210,"Binney & Smith Crayola¨ Metallic Colored Pencils, 8-Color Set",Office Supplies,Pens & Art Supplies
1211,6120,Technology,Telephones and Communication
1212,"Global Leather Highback Executive Chair with Pneumatic Height Adjustment, Black",Furniture,Chairs & Chairmats
1213,Avery 491,Office Supplies,Labels
1214,"DAX Value U-Channel Document Frames, Easel Back",Furniture,Office Furnishings
1215,Staples Metal Binder Clips,Office Supplies,Rubber Bands
1216,Rogers¨ Profile Extra Capacity Storage Tub,Office Supplies,Storage & Organization
1217,Safco Contoured Stacking Chairs,Furniture,Chairs & Chairmats
1218,Accessory8,Technology,Telephones and Communication
1219,T39m,Technology,Telephones and Communication
1220,Global Deluxe Office Fabric Chairs,Furniture,Chairs & Chairmats
1221,"Fellowes Basic 104-Key Keyboard, Platinum",Technology,Computer Peripherals
1222,2180,Technology,Telephones and Communication
1223,Wilson Jones Impact Binders,Office Supplies,Binders and Binder Accessories
1224,Acme¨ Forged Steel Scissors with Black Enamel Handles,Office Supplies,"Scissors, Rulers and Trimmers"
1225,Canon S750 Color Inkjet Printer,Technology,Office Machines
1226,Wirebound Voice Message Log Book,Office Supplies,Paper
1227,Regeneration Desk Collection,Furniture,Office Furnishings
1228,Staples Standard Envelopes,Office Supplies,Envelopes
1229,Xerox 1893,Office Supplies,Paper
1230,Avanti 4.4 Cu. Ft. Refrigerator,Office Supplies,Appliances
1231,"Deflect-o SuperTrayª Unbreakable Stackable Tray, Letter, Black",Furniture,Office Furnishings
1232,AT&T 2230 Dual Handset Phone With Caller ID/Call Waiting,Technology,Office Machines
1233,Avery Round Ring Poly Binders,Office Supplies,Binders and Binder Accessories
1234,Durable Pressboard Binders,Office Supplies,Binders and Binder Accessories
1235,Park Ridgeª Embossed Executive Business Envelopes,Office Supplies,Envelopes
1236,Hon 2090 ÒPillow SoftÓ Series Mid Back Swivel/Tilt Chairs,Furniture,Chairs & Chairmats
1237,"Sanford Uni-Blazerª View Highlighters, Chisel Tip, Yellow",Office Supplies,Pens & Art Supplies
1238,"Avery Flip-Chart Easel Binder, Black",Office Supplies,Binders and Binder Accessories
1239,"Bush Westfield Collection Bookcases, Fully Assembled",Furniture,Bookcases
1240,Xerox 1952,Office Supplies,Paper
1241,Accessory35,Technology,Telephones and Communication
1242,Xerox 1981,Office Supplies,Paper
1243,"ACCOHIDE¨ 3-Ring Binder, Blue, 1""",Office Supplies,Binders and Binder Accessories
1244,"Micro Innovations Micro Digital Wireless Keyboard and Mouse, Gray",Technology,Computer Peripherals
1245,"Barricks 18"" x 48"" Non-Folding Utility Table with Bottom Storage Shelf",Furniture,Tables
1246,Newell 336,Office Supplies,Pens & Art Supplies
1247,"Global Stack Chair without Arms, Black",Furniture,Chairs & Chairmats
1248,i2000,Technology,Telephones and Communication
1249,Self-Adhesive Ring Binder Labels,Office Supplies,Binders and Binder Accessories
1250,Avery 474,Office Supplies,Labels
1251,"Hewlett-Packard Business Color Inkjet 3000 [N, DTN] Series Printers",Technology,Office Machines
1252,2160i,Technology,Telephones and Communication
1253,Staples #10 Colored Envelopes,Office Supplies,Envelopes
1254,"Seth Thomas 14"" Putty-Colored Wall Clock",Furniture,Office Furnishings
1255,"Global Leather Task Chair, Black",Furniture,Chairs & Chairmats
1256,Lock-Up Easel 'Spel-Binder',Office Supplies,Binders and Binder Accessories
1257,Panasonic KX-P1131 Dot Matrix Printer,Technology,Office Machines
1258,Bush Mission Pointe Library,Furniture,Bookcases
1259,"Recycled Interoffice Envelopes with Re-Use-A-Seal¨ Closure, 10 x 13",Office Supplies,Envelopes
1260,"Executive Impressions 14""",Furniture,Office Furnishings
1261,Talkabout T8367,Technology,Telephones and Communication
1262,"Tenex 46"" x 60"" Computer Anti-Static Chairmat, Rectangular Shaped",Furniture,Office Furnishings
